player_name,college_team,nfl_seasons_played,career_nfl_passing_yards,avg_nfl_passing_yards_per_season,career_nfl_passing_tds,avg_nfl_passing_tds_per_season,career_nfl_rushing_yards,avg_nfl_rushing_yards_per_season,career_nfl_rushing_tds,avg_nfl_rushing_tds_per_season,career_nfl_completions,avg_nfl_completions_per_season,career_nfl_attempts,avg_nfl_attempts_per_season
"A. Van Pelt",NULL,2,17,8.5,0,0.00,0,0.0,0,0.00,4,2.0,6,3.0
A.Brooks,NULL,7,20822,2974.6,129,18.43,1623,231.9,13,1.86,1719,245.6,3040,434.3
A.Brown,NULL,1,302,302.0,0,0.00,-5,-5.0,0,0.00,22,22.0,49,49.0
A.Dalton,NULL,15,40666,2711.1,255,17.00,1601,106.7,22,1.47,3627,241.8,5809,387.3
A.Davis,NULL,3,2548,849.3,13,4.33,68,22.7,0,0.00,236,78.7,378,126.0
A.Feeley,NULL,6,4618,769.7,28,4.67,49,8.2,1,0.17,425,70.8,762,127.0
A.Luck,NULL,6,25925,4320.8,183,30.50,1778,296.3,14,2.33,2185,364.2,3618,603.0
A.McCarron,NULL,6,1404,234.0,7,1.17,77,12.8,1,0.17,136,22.7,220,36.7
A.O'Connell,NULL,2,3830,1915.0,20,10.00,41,20.5,2,1.00,367,183.5,586,293.0
A.Richardson,NULL,3,2400,800.0,11,3.67,634,211.3,10,3.33,177,59.0,350,116.7
A.Rodgers,NULL,21,68433,3258.7,547,26.05,3817,181.8,37,1.76,5838,278.0,8968,427.0
A.Smith,NULL,18,36282,2015.7,198,11.00,2980,165.6,15,0.83,3345,185.8,5438,302.1
A.Tanney,NULL,2,100,50.0,1,0.50,0,0.0,0,0.00,11,5.5,15,7.5
"A.Van Pelt",NULL,4,2169,542.3,12,3.00,26,6.5,0,0.00,186,46.5,324,81.0
A.Walter,NULL,3,1919,639.7,3,1.00,49,16.3,0,0.00,174,58.0,333,111.0
A.Wright,NULL,6,3804,634.0,21,3.50,251,41.8,0,0.00,352,58.7,642,107.0
Aa.Rodgers,NULL,1,1894,1894.0,17,17.00,47,47.0,2,2.00,173,173.0,258,258.0
"Alex Smith",Stanford,1,3336,3336.0,20,20.00,206,206.0,2,2.00,278,278.0,469,469.0
"Alex Smith",Utah,1,3336,3336.0,20,20.00,206,206.0,2,2.00,278,278.0,469,469.0
"B. Griese",NULL,1,1655,1655.0,5,5.00,48,48.0,0,0.00,145,145.0,210,210.0
B.Allen,NULL,5,1810,362.0,11,2.20,68,13.6,0,0.00,166,33.2,293,58.6
B.Basanez,NULL,1,56,56.0,0,0.00,2,2.0,0,0.00,6,6.0,11,11.0
B.Berlin,NULL,2,159,79.5,0,0.00,-16,-8.0,0,0.00,18,9.0,31,15.5
B.Bollinger,NULL,5,2226,445.2,9,1.80,158,31.6,0,0.00,211,42.2,360,72.0
B.Bortles,NULL,6,18243,3040.5,106,17.67,1887,314.5,8,1.33,1611,268.5,2719,453.2
B.Brister,NULL,2,169,84.5,0,0.00,37,18.5,0,0.00,22,11.0,40,20.0
B.Brohm,NULL,2,252,126.0,0,0.00,-3,-1.5,0,0.00,27,13.5,52,26.0
B.Croyle,NULL,5,1669,333.8,8,1.60,15,3.0,0,0.00,181,36.2,319,63.8
B.DiNucci,NULL,1,219,219.0,0,0.00,22,22.0,0,0.00,23,23.0,43,43.0
B.Favre,NULL,12,47511,3959.3,314,26.17,603,50.3,3,0.25,4195,349.6,6758,563.2
B.Gabbert,NULL,12,9487,790.6,51,4.25,685,57.1,3,0.25,882,73.5,1568,130.7
B.Gradkowski,NULL,8,4076,509.5,21,2.63,329,41.1,0,0.00,376,47.0,712,89.0
B.Griese,NULL,10,17783,1778.3,114,11.40,538,53.8,5,0.50,1606,160.6,2580,258.0
B.Hobert,NULL,1,970,970.0,6,6.00,47,47.0,1,1.00,85,85.0,159,159.0
B.Hoyer,NULL,15,11035,735.7,53,3.53,110,7.3,2,0.13,940,62.7,1594,106.3
B.Hoying,NULL,2,117,58.5,0,0.00,5,2.5,0,0.00,10,5.0,23,11.5
B.Huard,NULL,3,706,235.3,4,1.33,49,16.3,0,0.00,64,21.3,112,37.3
B.Hundley,NULL,3,1902,634.0,9,3.00,323,107.7,2,0.67,199,66.3,337,112.3
B.Johnson,NULL,10,23796,2379.6,128,12.80,439,43.9,7,0.70,2195,219.5,3583,358.3
B.Leftwich,NULL,9,10710,1190.0,58,6.44,439,48.8,10,1.11,949,105.4,1640,182.2
B.Mayfield,NULL,8,28089,3511.1,196,24.50,1427,178.4,10,1.25,2436,304.5,3830,478.8
B.Nix,NULL,2,5722,2861.0,45,22.50,644,322.0,7,3.50,568,284.0,874,437.0
B.Osweiler,NULL,7,7783,1111.9,39,5.57,299,42.7,5,0.71,734,104.9,1230,175.7
B.Perkins,NULL,1,161,161.0,1,1.00,90,90.0,0,0.00,19,19.0,34,34.0
B.Petty,NULL,2,1353,676.5,4,2.00,74,37.0,0,0.00,130,65.0,245,122.5
B.Purdy,NULL,4,11447,2861.8,74,18.50,608,152.0,9,2.25,877,219.3,1313,328.3
B.Quinn,NULL,4,3043,760.8,12,3.00,185,46.3,1,0.25,296,74.0,550,137.5
B.Roethlisberger,NULL,18,70100,3894.4,454,25.22,1615,89.7,23,1.28,5942,330.1,9235,513.1
B.Rypien,NULL,5,950,190.0,4,0.80,21,4.2,0,0.00,98,19.6,168,33.6
"B.St. Pierre",NULL,3,185,61.7,2,0.67,-1,-0.3,0,0.00,15,5.0,33,11.0
B.Tolliver,NULL,1,1916,1916.0,7,7.00,142,142.0,3,3.00,139,139.0,267,267.0
"B.Van Pelt",NULL,1,7,7.0,0,0.00,48,48.0,1,1.00,2,2.0,8,8.0
B.Volek,NULL,9,3801,422.3,27,3.00,27,3.0,3,0.33,340,37.8,565,62.8
B.Weeden,NULL,5,6462,1292.4,31,6.20,200,40.0,1,0.20,559,111.8,965,193.0
B.Young,NULL,3,6568,2189.3,37,12.33,571,190.3,7,2.33,687,229.0,1135,378.3
B.Zappe,NULL,3,2223,741.0,12,4.00,85,28.3,1,0.33,208,69.3,335,111.7
"C. Batch",NULL,1,47,47.0,0,0.00,11,11.0,0,0.00,4,4.0,8,8.0
"C. Chandler",NULL,1,81,81.0,0,0.00,4,4.0,0,0.00,6,6.0,17,17.0
C.Batch,NULL,10,8845,884.5,50,5.00,394,39.4,5,0.50,730,73.0,1291,129.1
C.Beathard,NULL,6,3886,647.7,19,3.17,266,44.3,4,0.67,340,56.7,563,93.8
C.Chandler,NULL,6,9874,1645.7,51,8.50,266,44.3,1,0.17,828,138.0,1400,233.3
C.Cook,NULL,1,311,311.0,2,2.00,0,0.0,0,0.00,32,32.0,66,66.0
C.Daniel,NULL,13,1746,134.3,9,0.69,118,9.1,0,0.00,186,14.3,273,21.0
C.Frye,NULL,5,4149,829.8,17,3.40,340,68.0,4,0.80,418,83.6,676,135.2
C.Greisen,NULL,2,69,34.5,1,0.50,1,0.5,0,0.00,7,3.5,16,8.0
C.Hanie,NULL,3,796,265.3,4,1.33,100,33.3,0,0.00,69,23.0,132,44.0
"C.Hanie (3rd QB)",NULL,1,36,36.0,0,0.00,0,0.0,0,0.00,3,3.0,4,4.0
C.Henne,NULL,13,13376,1028.9,61,4.69,362,27.8,4,0.31,1212,93.2,2031,156.2
C.Hutchinson,NULL,3,2466,822.0,11,3.67,85,28.3,0,0.00,220,73.3,413,137.7
C.Jones,NULL,1,96,96.0,0,0.00,-1,-1.0,0,0.00,6,6.0,11,11.0
C.Kaepernick,NULL,6,13645,2274.2,79,13.17,2807,467.8,17,2.83,1105,184.2,1854,309.0
C.Keenum,NULL,11,15764,1433.1,81,7.36,463,42.1,6,0.55,1445,131.4,2321,211.0
C.Kelly,NULL,1,0,0.0,0,0.00,-1,-1.0,0,0.00,0,0.0,0,0.0
C.Kessler,NULL,3,2215,738.3,8,2.67,140,46.7,0,0.00,224,74.7,349,116.3
C.Krenzel,NULL,1,718,718.0,3,3.00,41,41.0,0,0.00,59,59.0,127,127.0
C.Lemon,NULL,3,2185,728.3,8,2.67,96,32.0,4,1.33,211,70.3,379,126.3
C.McCoy,NULL,11,7975,725.0,34,3.09,582,52.9,2,0.18,764,69.5,1220,110.9
C.McNown,NULL,2,3111,1555.5,16,8.00,486,243.0,3,1.50,281,140.5,515,257.5
C.Miller,NULL,1,527,527.0,2,2.00,40,40.0,0,0.00,46,46.0,81,81.0
C.Nall,NULL,2,402,201.0,5,2.50,13,6.5,0,0.00,30,15.0,48,24.0
C.Newton,NULL,11,34203,3109.4,204,18.55,5886,535.1,77,7.00,2816,256.0,4698,427.1
C.Oladokun,NULL,1,0,0.0,0,0.00,5,5.0,0,0.00,0,0.0,0,0.0
C.Painter,NULL,3,1681,560.3,6,2.00,109,36.3,0,0.00,148,49.3,287,95.7
C.Palmer,NULL,14,47048,3360.6,299,21.36,477,34.1,8,0.57,4009,286.4,6426,459.0
C.Pennington,NULL,11,19242,1749.3,110,10.00,483,43.9,7,0.64,1764,160.4,2687,244.3
C.Pickett,NULL,2,195,97.5,0,0.00,47,23.5,0,0.00,18,9.0,45,22.5
C.Ponder,NULL,4,6658,1664.5,38,9.50,639,159.8,7,1.75,632,158.0,1057,264.3
C.Redman,NULL,8,3179,397.4,21,2.63,23,2.9,0,0.00,286,35.8,500,62.5
C.Rush,NULL,6,3766,627.7,20,3.33,20,3.3,0,0.00,364,60.7,596,99.3
C.Sauter,NULL,1,59,59.0,0,0.00,8,8.0,0,0.00,6,6.0,9,9.0
C.Shaw,NULL,1,177,177.0,0,0.00,9,9.0,0,0.00,14,14.0,28,28.0
C.Simms,NULL,5,3315,663.0,12,2.40,59,11.8,2,0.40,322,64.4,549,109.8
C.Stoerner,NULL,2,367,183.5,4,2.00,27,13.5,1,0.50,29,14.5,54,27.0
C.Streveler,NULL,3,231,77.0,1,0.33,75,25.0,0,0.00,27,9.0,40,13.3
C.Stroud,NULL,3,10434,3478.0,58,19.33,671,223.7,3,1.00,886,295.3,1378,459.3
C.Tune,NULL,2,70,35.0,0,0.00,26,13.0,1,0.50,14,7.0,23,11.5
C.Ward,NULL,1,1615,1615.0,5,5.00,40,40.0,0,0.00,158,158.0,274,274.0
C.Weinke,NULL,5,3904,780.8,15,3.00,145,29.0,6,1.20,386,77.2,709,141.8
C.Weldon,NULL,1,0,0.0,0,0.00,-4,-4.0,0,0.00,0,0.0,0,0.0
C.Wentz,NULL,10,23629,2362.9,159,15.90,1475,147.5,11,1.10,2196,219.6,3500,350.0
C.Whitehurst,NULL,7,2463,351.9,11,1.57,156,22.3,2,0.29,219,31.3,396,56.6
C.Williams,NULL,2,5177,2588.5,29,14.50,619,309.5,2,1.00,489,244.5,785,392.5
"D. Bledsoe",NULL,2,1297,648.5,6,3.00,20,10.0,1,0.50,132,66.0,215,107.5
"D. Brees",NULL,2,2682,1341.0,16,8.00,111,55.5,0,0.00,258,129.0,445,222.5
"D. Culpepper",NULL,1,3479,3479.0,25,25.00,422,422.0,4,4.00,295,295.0,454,454.0
"D. Flutie",NULL,1,1097,1097.0,9,9.00,168,168.0,2,2.00,91,91.0,167,167.0
"D. Garrard",NULL,1,231,231.0,1,1.00,139,139.0,2,2.00,23,23.0,46,46.0
"D. Kanell",NULL,1,104,104.0,1,1.00,0,0.0,0,0.00,12,12.0,18,18.0
"D. Wuerffel",NULL,1,0,0.0,0,0.00,0,0.0,0,0.00,0,0.0,0,0.0
D.Anderson,NULL,13,10877,836.7,60,4.62,234,18.0,5,0.38,909,69.9,1675,128.8
D.Bledsoe,NULL,8,21435,2679.4,118,14.75,484,60.5,9,1.13,1830,228.8,3138,392.3
D.Blough,NULL,4,1435,358.8,6,1.50,60,15.0,0,0.00,138,34.5,242,60.5
D.Brees,NULL,19,83112,4374.3,592,31.16,691,36.4,25,1.32,7372,388.0,10834,570.2
D.Brown,NULL,2,1411,705.5,4,2.00,49,24.5,0,0.00,124,62.0,238,119.0
D.Carr,NULL,21,56013,2667.3,323,15.38,2306,109.8,16,0.76,5148,245.1,8107,386.0
D.Craig,NULL,2,34,17.0,0,0.00,24,12.0,0,0.00,4,2.0,8,4.0
D.Culpepper,NULL,10,21655,2165.5,132,13.20,2370,237.0,31,3.10,1794,179.4,2879,287.9
D.Dixon,NULL,3,402,134.0,1,0.33,56,18.7,1,0.33,35,11.7,59,19.7
D.Fales,NULL,3,287,95.7,1,0.33,8,2.7,1,0.33,31,10.3,48,16.0
D.Flutie,NULL,6,8660,1443.3,43,7.17,873,145.5,5,0.83,715,119.2,1283,213.8
D.Gabriel,NULL,1,702,702.0,5,5.00,30,30.0,0,0.00,85,85.0,142,142.0
D.Garrard,NULL,8,16258,2032.3,91,11.38,1694,211.8,15,1.88,1417,177.1,2297,287.1
D.Haskins,NULL,2,2804,1402.0,12,6.00,147,73.5,1,0.50,267,133.5,444,222.0
D.Henson,NULL,2,98,49.0,1,0.50,7,3.5,0,0.00,11,5.5,20,10.0
D.Hodges,NULL,1,1063,1063.0,5,5.00,68,68.0,0,0.00,100,100.0,160,160.0
D.Huard,NULL,7,6264,894.9,33,4.71,150,21.4,0,0.00,573,81.9,953,136.1
D.Johnson,NULL,5,2614,522.8,13,2.60,58,11.6,2,0.40,219,43.8,385,77.0
D.Jones,NULL,7,17080,2440.0,85,12.14,2367,338.1,19,2.71,1649,235.6,2546,363.7
D.Kanell,NULL,3,1455,485.0,7,2.33,5,1.7,0,0.00,140,46.7,285,95.0
D.Kizer,NULL,2,3081,1540.5,11,5.50,458,229.0,5,2.50,275,137.5,518,259.0
D.Lock,NULL,6,6369,1061.5,34,5.67,431,71.8,7,1.17,578,96.3,970,161.7
D.Marino,NULL,1,2739,2739.0,14,14.00,-7,-7.0,0,0.00,232,232.0,424,424.0
D.Maye,NULL,2,4302,2151.0,30,15.00,671,335.5,4,2.00,395,197.5,564,282.0
D.McNabb,NULL,13,40998,3153.7,257,19.77,3901,300.1,33,2.54,3512,270.2,5953,457.9
D.Mills,NULL,5,6196,1239.2,35,7.00,171,34.2,2,0.40,596,119.2,953,190.6
D.Orlovsky,NULL,5,3132,626.4,15,3.00,34,6.8,0,0.00,298,59.6,512,102.4
D.Pederson,NULL,6,2593,432.2,10,1.67,106,17.7,0,0.00,268,44.7,490,81.7
D.Prescott,NULL,10,35468,3546.8,243,24.30,2188,218.8,34,3.40,3162,316.2,4725,472.5
D.Ragone,NULL,1,135,135.0,0,0.00,51,51.0,0,0.00,20,20.0,40,40.0
D.Ridder,NULL,3,4002,1334.0,16,5.33,293,97.7,5,1.67,374,124.7,588,196.0
D.Stanton,NULL,7,4059,579.9,20,2.86,220,31.4,2,0.29,345,49.3,659,94.1
D.Thompson-Robinson,NULL,2,880,440.0,1,0.50,187,93.5,0,0.00,121,60.5,230,115.0
D.Watson,NULL,7,18774,2682.0,127,18.14,2310,330.0,22,3.14,1607,229.6,2431,347.3
D.Webb,NULL,2,168,84.0,1,0.50,38,19.0,1,0.50,23,11.5,40,20.0
D.Wuerffel,NULL,3,910,303.3,3,1.00,103,34.3,1,0.33,80,26.7,140,46.7
Dom.Davis,NULL,1,34,34.0,0,0.00,0,0.0,0,0.00,5,5.0,7,7.0
E.Grbac,NULL,3,10642,3547.3,61,20.33,143,47.7,2,0.67,895,298.3,1535,511.7
E.Kramer,NULL,1,788,788.0,2,2.00,1,1.0,0,0.00,78,78.0,141,141.0
E.Manning,NULL,16,59841,3740.1,384,24.00,612,38.3,7,0.44,5137,321.1,8519,532.4
E.Manuel,NULL,5,3767,753.4,20,4.00,339,67.8,4,0.80,343,68.6,590,118.0
E.Stick,NULL,2,1133,566.5,3,1.50,142,71.0,1,0.50,112,56.0,175,87.5
E.Zeier,NULL,2,289,144.5,0,0.00,5,2.5,0,0.00,35,17.5,57,28.5
"G. Frerotte",NULL,1,690,690.0,7,7.00,-2,-2.0,0,0.00,38,38.0,65,65.0
G.Foley,NULL,1,283,283.0,2,2.00,-1,-1.0,0,0.00,18,18.0,30,30.0
G.Frerotte,NULL,9,11207,1245.2,60,6.67,214,23.8,3,0.33,951,105.7,1694,188.2
G.Gilbert,NULL,4,477,119.3,1,0.25,25,6.3,0,0.00,43,10.8,75,18.8
G.Hamdan,NULL,1,7,7.0,0,0.00,0,0.0,0,0.00,1,1.0,2,2.0
G.Harrell,NULL,1,20,20.0,0,0.00,-3,-3.0,0,0.00,2,2.0,4,4.0
G.McElroy,NULL,1,214,214.0,1,1.00,30,30.0,0,0.00,19,19.0,31,31.0
G.Minshew,NULL,7,8649,1235.6,46,6.57,359,51.3,4,0.57,796,113.7,1233,176.1
"G.Minshew II",NULL,2,3301,1650.5,22,11.00,312,156.0,1,0.50,298,149.0,496,248.0
G.Smith,NULL,12,20813,1734.4,114,9.50,1594,132.8,12,1.00,1879,156.6,2892,241.0
H.Burris,NULL,1,207,207.0,3,3.00,104,104.0,0,0.00,18,18.0,51,51.0
H.Hooker,NULL,1,62,62.0,0,0.00,2,2.0,0,0.00,6,6.0,9,9.0
I.Book,NULL,1,135,135.0,0,0.00,6,6.0,0,0.00,12,12.0,20,20.0
I.Martin,NULL,1,0,0.0,0,0.00,-5,-5.0,0,0.00,0,0.0,0,0.0
"J. Fiedler",NULL,1,1445,1445.0,8,8.00,55,55.0,2,2.00,132,132.0,217,217.0
"J. Harrington",NULL,1,452,452.0,4,4.00,0,0.0,0,0.00,49,49.0,80,80.0
"J. Martin",NULL,1,1216,1216.0,7,7.00,6,6.0,0,0.00,124,124.0,195,195.0
"J. McCown",NULL,1,66,66.0,0,0.00,20,20.0,0,0.00,7,7.0,18,18.0
"J. Miller",NULL,1,2322,2322.0,13,13.00,-19,-19.0,0,0.00,231,231.0,400,400.0
"J. Plummer",NULL,2,1036,518.0,8,4.00,87,43.5,0,0.00,104,52.0,192,96.0
"J. Quinn  (3rd QB)",NULL,1,0,0.0,0,0.00,-1,-1.0,0,0.00,0,0.0,0,0.0
J.Allen,NULL,8,30283,3785.4,224,28.00,4966,620.8,72,9.00,2642,330.3,4147,518.4
J.Beck,NULL,2,1417,708.5,3,1.50,55,27.5,3,1.50,140,70.0,239,119.5
J.Blake,NULL,7,9212,1316.0,57,8.14,862,123.1,6,0.86,798,114.0,1401,200.1
J.Brissett,NULL,10,11999,1199.9,57,5.70,1024,102.4,15,1.50,1128,112.8,1842,184.2
J.Browning,NULL,3,2693,897.7,18,6.00,164,54.7,4,1.33,251,83.7,367,122.3
J.Burrow,NULL,6,21016,3502.7,151,25.17,910,151.7,13,2.17,1938,323.0,2834,472.3
J.Callahan,NULL,1,11,11.0,0,0.00,0,0.0,0,0.00,5,5.0,7,7.0
J.Campbell,NULL,9,16771,1863.4,87,9.67,1209,134.3,6,0.67,1519,168.8,2518,279.8
J.Clausen,NULL,3,2520,840.0,7,2.33,102,34.0,0,0.00,255,85.0,472,157.3
J.Cutler,NULL,12,35486,2957.2,229,19.08,1734,144.5,11,0.92,3069,255.8,4962,413.5
J.Daniels,NULL,2,5421,2710.5,38,19.00,1237,618.5,8,4.00,495,247.5,740,370.0
J.Dart,NULL,1,984,984.0,8,8.00,195,195.0,4,4.00,85,85.0,142,142.0
J.Delhomme,NULL,11,22811,2073.7,138,12.55,355,32.3,7,0.64,1871,170.1,3158,287.1
J.Dobbs,NULL,6,3293,548.8,17,2.83,516,86.0,8,1.33,345,57.5,551,91.8
J.Driskel,NULL,5,2394,478.8,16,3.20,417,83.4,3,0.60,229,45.8,391,78.2
J.Eason,NULL,2,84,42.0,0,0.00,0,0.0,0,0.00,5,2.5,10,5.0
J.Fiedler,NULL,7,10829,1547.0,63,9.00,854,122.0,9,1.29,917,131.0,1578,225.4
J.Fields,NULL,5,8869,1773.8,50,10.00,2797,559.4,22,4.40,791,158.2,1287,257.4
J.Flacco,NULL,18,50826,2823.7,292,16.22,1027,57.1,18,1.00,4627,257.1,7530,418.3
J.Freeman,NULL,5,13726,2745.2,80,16.00,923,184.6,4,0.80,1165,233.0,2021,404.2
J.Friesz,NULL,2,66,33.0,0,0.00,-2,-1.0,0,0.00,11,5.5,21,10.5
J.Fromm,NULL,1,210,210.0,1,1.00,65,65.0,0,0.00,27,27.0,60,60.0
J.Garcia,NULL,11,26894,2444.9,168,15.27,2237,203.4,27,2.45,2390,217.3,3892,353.8
J.Garoppolo,NULL,12,16790,1399.2,100,8.33,272,22.7,7,0.58,1384,115.3,2068,172.3
J.Garrett,NULL,2,318,159.0,3,1.50,5,2.5,0,0.00,33,16.5,65,32.5
J.George,NULL,3,5008,1669.3,37,12.33,72,24.0,0,0.00,368,122.7,639,213.0
J.Germaine,NULL,1,136,136.0,1,1.00,0,0.0,0,0.00,9,9.0,16,16.0
J.Goff,NULL,10,39139,3913.9,246,24.60,616,61.6,12,1.20,3412,341.2,5197,519.7
J.Haener,NULL,1,226,226.0,1,1.00,22,22.0,0,0.00,18,18.0,39,39.0
J.Hall,NULL,1,168,168.0,0,0.00,14,14.0,0,0.00,13,13.0,20,20.0
J.Hamilton,NULL,1,0,0.0,0,0.00,-2,-2.0,0,0.00,0,0.0,0,0.0
J.Harbaugh,NULL,2,4177,2088.5,18,9.00,150,75.0,0,0.00,372,186.0,636,318.0
J.Harrington,NULL,6,14241,2373.5,75,12.50,407,67.8,0,0.00,1376,229.3,2459,409.8
J.Herbert,NULL,6,23748,3958.0,155,25.83,1477,246.2,13,2.17,2185,364.2,3297,549.5
J.Hurts,NULL,6,18157,3026.2,110,18.33,3721,620.2,70,11.67,1570,261.7,2410,401.7
J.Jackson,NULL,3,168,56.0,0,0.00,15,5.0,0,0.00,16,5.3,32,10.7
J.Johnson,NULL,9,2371,263.4,13,1.44,428,47.6,1,0.11,215,23.9,371,41.2
J.Kitna,NULL,12,28568,2380.7,163,13.58,902,75.2,9,0.75,2587,215.6,4298,358.2
J.Lewis,NULL,2,131,65.5,0,0.00,37,18.5,0,0.00,18,9.0,35,17.5
J.Locker,NULL,4,4967,1241.8,27,6.75,644,161.0,5,1.25,408,102.0,709,177.3
J.Lorenzen,NULL,2,28,14.0,0,0.00,6,3.0,0,0.00,4,2.0,8,4.0
J.Losman,NULL,7,6270,895.7,33,4.71,488,69.7,3,0.43,566,80.9,954,136.3
J.Love,NULL,5,10630,2126.0,78,15.60,477,95.4,5,1.00,898,179.6,1388,277.6
J.Luton,NULL,1,624,624.0,2,2.00,13,13.0,1,1.00,60,60.0,110,110.0
J.Manziel,NULL,2,1675,837.5,7,3.50,259,129.5,1,0.50,147,73.5,258,129.0
J.Martin,NULL,6,2002,333.7,8,1.33,-12,-2.0,0,0.00,181,30.2,268,44.7
J.McCarthy,NULL,1,301,301.0,2,2.00,50,50.0,1,1.00,24,24.0,41,41.0
J.McCown,NULL,15,17835,1189.0,98,6.53,1121,74.7,13,0.87,1595,106.3,2639,175.9
J.Miller,NULL,3,3568,1189.3,21,7.00,25,8.3,0,0.00,337,112.3,570,190.0
J.Milroe,NULL,1,0,0.0,0,0.00,4,4.0,0,0.00,0,0.0,0,0.0
J.Milton,NULL,2,340,170.0,2,1.00,16,8.0,1,0.50,28,14.0,38,19.0
J.Navarre,NULL,2,342,171.0,2,1.00,0,0.0,0,0.00,32,16.0,64,32.0
J.O'Sullivan,NULL,4,1866,466.5,9,2.25,145,36.3,0,0.00,145,36.3,256,64.0
J.Palmer,NULL,5,628,125.6,3,0.60,23,4.6,0,0.00,74,14.8,138,27.6
J.Plummer,NULL,8,23163,2895.4,126,15.75,1407,175.9,11,1.38,1979,247.4,3436,429.5
J.Quinn,NULL,3,774,258.0,2,0.67,75,25.0,0,0.00,83,27.7,159,53.0
J.Rosen,NULL,3,2864,954.7,12,4.00,151,50.3,0,0.00,277,92.3,513,171.0
J.Rudock,NULL,1,24,24.0,0,0.00,0,0.0,0,0.00,3,3.0,5,5.0
J.Russell,NULL,3,4086,1362.0,18,6.00,176,58.7,1,0.33,355,118.3,680,226.7
J.Skelton,NULL,3,3707,1235.7,15,5.00,182,60.7,0,0.00,320,106.7,602,200.7
J.Sorgi,NULL,4,929,232.3,6,1.50,0,0.0,0,0.00,100,25.0,157,39.3
J.Stidham,NULL,6,1422,237.0,8,1.33,101,16.8,0,0.00,117,19.5,197,32.8
J.Tuel,NULL,1,309,309.0,1,1.00,17,17.0,0,0.00,26,26.0,59,59.0
J.Webb,NULL,9,1068,118.7,4,0.44,394,43.8,4,0.44,101,11.2,189,21.0
J.Winston,NULL,10,24281,2428.1,155,15.50,1297,129.7,12,1.20,1945,194.5,3179,317.9
J.Wolford,NULL,3,655,218.3,1,0.33,89,29.7,0,0.00,64,21.3,110,36.7
Jo.Freeman,NULL,1,149,149.0,1,1.00,24,24.0,0,0.00,15,15.0,28,28.0
Jo.Webb,NULL,1,0,0.0,0,0.00,0,0.0,0,0.00,0,0.0,0,0.0
Jos.Allen,NULL,2,1040,520.0,8,4.00,105,52.5,5,2.50,89,44.5,137,68.5
"K. Collins",NULL,1,2817,2817.0,14,14.00,69,69.0,0,0.00,250,250.0,436,436.0
"K. Holcomb",NULL,1,1041,1041.0,5,5.00,0,0.0,0,0.00,105,105.0,154,154.0
"K. Orton",NULL,1,683,683.0,2,2.00,22,22.0,0,0.00,68,68.0,143,143.0
"K. Stewart",NULL,1,86,86.0,0,0.00,2,2.0,0,0.00,5,5.0,15,15.0
"K. Warner",NULL,1,1431,1431.0,3,3.00,33,33.0,0,0.00,144,144.0,220,220.0
K.Allen,NULL,8,4753,594.1,26,3.25,160,20.0,4,0.50,442,55.3,705,88.1
K.Benkert,NULL,1,0,0.0,0,0.00,-1,-1.0,0,0.00,0,0.0,0,0.0
K.Boller,NULL,8,8931,1116.4,48,6.00,562,70.3,2,0.25,861,107.6,1519,189.9
K.Clemens,NULL,12,4053,337.8,16,1.33,227,18.9,3,0.25,350,29.2,638,53.2
K.Collins,NULL,13,29843,2295.6,152,11.69,314,24.2,5,0.38,2560,196.9,4478,344.5
K.Cousins,NULL,14,44228,3159.1,293,20.93,962,68.7,21,1.50,3897,278.4,5823,415.9
K.Detmer,NULL,7,1024,146.3,5,0.71,10,1.4,1,0.14,95,13.6,188,26.9
K.Dorsey,NULL,4,2086,521.5,8,2.00,18,4.5,0,0.00,214,53.5,408,102.0
K.Graham,NULL,3,2706,902.0,12,4.00,132,44.0,1,0.33,239,79.7,438,146.0
K.Hogan,NULL,2,621,310.5,4,2.00,176,88.0,1,0.50,60,30.0,101,50.5
K.Holcomb,NULL,6,4846,807.7,36,6.00,28,4.7,1,0.17,441,73.5,709,118.2
K.Kingsbury,NULL,1,17,17.0,0,0.00,0,0.0,0,0.00,1,1.0,2,2.0
K.Kittner,NULL,1,391,391.0,2,2.00,13,13.0,0,0.00,44,44.0,114,114.0
K.Kolb,NULL,6,5206,867.7,28,4.67,236,39.3,2,0.33,449,74.8,755,125.8
K.Lauletta,NULL,1,0,0.0,0,0.00,-2,-2.0,0,0.00,0,0.0,5,5.0
K.Mond,NULL,1,5,5.0,0,0.00,0,0.0,0,0.00,2,2.0,3,3.0
K.Moore,NULL,1,779,779.0,4,4.00,-1,-1.0,0,0.00,61,61.0,104,104.0
K.Murray,NULL,7,20597,2942.4,121,17.29,3199,457.0,32,4.57,1993,284.7,2975,425.0
K.Null,NULL,1,558,558.0,3,3.00,6,6.0,0,0.00,72,72.0,118,118.0
K.O'Connell,NULL,1,23,23.0,0,0.00,-6,-6.0,0,0.00,4,4.0,6,6.0
K.Orton,NULL,9,17357,1928.6,99,11.00,274,30.4,4,0.44,1545,171.7,2569,285.4
K.Pickett,NULL,4,4773,1193.3,15,3.75,299,74.8,5,1.25,473,118.3,758,189.5
K.Stewart,NULL,7,9329,1332.7,45,6.43,1810,258.6,19,2.71,843,120.4,1472,210.3
K.Thompson,NULL,1,8,8.0,0,0.00,0,0.0,0,0.00,1,1.0,1,1.0
K.Trask,NULL,3,28,9.3,0,0.00,-5,-1.7,0,0.00,4,1.3,11,3.7
K.Warner,NULL,10,34513,3451.3,234,23.40,271,27.1,5,0.50,2800,280.0,4260,426.0
L.Brown,NULL,1,24,24.0,0,0.00,0,0.0,0,0.00,2,2.0,3,3.0
L.Falk,NULL,1,416,416.0,0,0.00,0,0.0,0,0.00,47,47.0,73,73.0
L.Jackson,NULL,8,22885,2860.6,190,23.75,6994,874.3,37,4.63,1910,238.8,2945,368.1
L.Jones,NULL,3,1321,440.3,8,2.67,-19,-6.3,0,0.00,110,36.7,174,58.0
L.McCown,NULL,9,2370,263.3,9,1.00,177,19.7,0,0.00,216,24.0,355,39.4
L.Woodside,NULL,3,34,11.3,0,0.00,10,3.3,0,0.00,4,1.3,7,2.3
"M. Brunell",NULL,1,2560,2560.0,15,15.00,188,188.0,0,0.00,223,223.0,380,380.0
"M. Bulger",NULL,1,1826,1826.0,14,14.00,-13,-13.0,1,1.00,138,138.0,214,214.0
"M. McMahon",NULL,1,36,36.0,0,0.00,14,14.0,0,0.00,4,4.0,11,11.0
"M. Tuiasosopo",NULL,1,34,34.0,0,0.00,1,1.0,0,0.00,3,3.0,4,4.0
M.Barkley,NULL,7,2699,385.6,11,1.57,-15,-2.1,0,0.00,212,30.3,363,51.9
M.Bishop,NULL,1,80,80.0,1,1.00,-1,-1.0,0,0.00,3,3.0,9,9.0
M.Brosmer,NULL,1,42,42.0,0,0.00,-1,-1.0,0,0.00,5,5.0,8,8.0
M.Brunell,NULL,11,17614,1601.3,101,9.18,933,84.8,5,0.45,1553,141.2,2640,240.0
M.Bulger,NULL,7,21939,3134.1,112,16.00,338,48.3,7,1.00,1900,271.4,3071,438.7
M.Cassel,NULL,14,17578,1255.6,104,7.43,1039,74.2,5,0.36,1589,113.5,2704,193.1
M.Flynn,NULL,7,2541,363.0,17,2.43,68,9.7,1,0.14,219,31.3,357,51.0
M.Glennon,NULL,8,7025,878.1,47,5.88,140,17.5,1,0.13,689,86.1,1147,143.4
M.Gutierrez,NULL,2,18,9.0,0,0.00,-13,-6.5,0,0.00,2,1.0,2,1.0
M.Hall,NULL,1,370,370.0,1,1.00,-5,-5.0,0,0.00,39,39.0,78,78.0
M.Hartsell,NULL,1,0,0.0,0,0.00,0,0.0,0,0.00,0,0.0,1,1.0
M.Hasselbeck,NULL,17,39383,2316.6,230,13.53,1362,80.1,9,0.53,3459,203.5,5737,337.5
M.Jones,NULL,5,12419,2483.8,64,12.80,494,98.8,2,0.40,1208,241.6,1834,366.8
M.Kafka,NULL,1,107,107.0,0,0.00,0,0.0,0,0.00,11,11.0,16,16.0
M.Leinart,NULL,6,4121,686.8,15,2.50,84,14.0,2,0.33,372,62.0,650,108.3
M.Lytle,NULL,1,133,133.0,1,1.00,8,8.0,0,0.00,17,17.0,30,30.0
M.Mariota,NULL,11,17296,1572.4,105,9.55,2367,215.2,19,1.73,1460,132.7,2320,210.9
M.Mauck,NULL,1,136,136.0,0,0.00,39,39.0,0,0.00,15,15.0,27,27.0
M.McGloin,NULL,4,1868,467.0,11,2.75,27,6.8,0,0.00,161,40.3,277,69.3
M.McMahon,NULL,5,2831,566.2,15,3.00,402,80.4,7,1.40,225,45.0,504,100.8
M.Moore,NULL,9,7702,855.8,49,5.44,97,10.8,2,0.22,661,73.4,1085,120.6
M.Moreno,NULL,2,212,106.0,0,0.00,0,0.0,0,0.00,21,10.5,38,19.0
M.Penix,NULL,2,2184,1092.0,8,4.00,54,27.0,2,1.00,180,90.0,300,150.0
M.Randall,NULL,1,0,0.0,0,0.00,0,0.0,0,0.00,0,0.0,0,0.0
M.Rudolph,NULL,6,4856,809.3,30,5.00,219,36.5,1,0.17,461,76.8,727,121.2
M.Ryan,NULL,15,65212,4347.5,401,26.73,1578,105.2,14,0.93,5761,384.1,8771,584.7
M.Rypien,NULL,1,57,57.0,0,0.00,0,0.0,0,0.00,5,5.0,9,9.0
M.Sanchez,NULL,8,16512,2064.0,95,11.88,466,58.3,13,1.63,1409,176.1,2476,309.5
M.Schaub,NULL,16,26071,1629.4,138,8.63,359,22.4,4,0.25,2211,138.2,3437,214.8
M.Simms,NULL,2,195,97.5,1,0.50,39,19.5,0,0.00,19,9.5,39,19.5
M.Stafford,NULL,17,64733,3807.8,413,24.29,1425,83.8,18,1.06,5583,328.4,8782,516.6
M.Tomczak,NULL,1,1625,1625.0,12,12.00,19,19.0,0,0.00,139,139.0,258,258.0
M.Trubisky,NULL,9,13271,1474.6,76,8.44,1185,131.7,13,1.44,1267,140.8,1976,219.6
M.Tuiasosopo,NULL,5,520,104.0,2,0.40,78,15.6,0,0.00,46,9.2,86,17.2
M.Vick,NULL,13,23441,1803.2,138,10.62,6393,491.8,37,2.85,1887,145.2,3359,258.4
M.White,NULL,4,2247,561.8,9,2.25,-1,-0.3,1,0.25,199,49.8,324,81.0
M.Willis,NULL,3,900,300.0,3,1.00,282,94.0,2,0.67,75,25.0,120,40.0
Mat.Moore,NULL,1,53,53.0,0,0.00,0,0.0,0,0.00,2,2.0,6,6.0
Matt.Moore,NULL,1,131,131.0,1,1.00,-3,-3.0,0,0.00,11,11.0,19,19.0
N.Foles,NULL,11,15861,1441.9,93,8.45,407,37.0,7,0.64,1445,131.4,2297,208.8
N.Mullens,NULL,7,6429,918.4,34,4.86,20,2.9,0,0.00,530,75.7,805,115.0
N.O'Donnell,NULL,5,2683,536.6,16,3.20,23,4.6,0,0.00,216,43.2,368,73.6
N.Peterman,NULL,6,705,117.5,4,0.67,91,15.2,1,0.17,85,14.2,162,27.0
N.Sudfeld,NULL,4,188,47.0,1,0.25,24,6.0,0,0.00,25,6.3,37,9.3
"P. Manning",NULL,1,541,541.0,4,4.00,3,3.0,0,0.00,45,45.0,77,77.0
P.Gonzalez,NULL,1,8,8.0,0,0.00,-3,-3.0,0,0.00,1,1.0,1,1.0
P.Justin,NULL,1,91,91.0,0,0.00,-1,-1.0,0,0.00,9,9.0,14,14.0
P.Lynch,NULL,2,792,396.0,4,2.00,55,27.5,0,0.00,79,39.5,128,64.0
P.Mahomes,NULL,9,40265,4473.9,308,34.22,3129,347.7,25,2.78,3478,386.4,5208,578.7
P.Manning,NULL,16,74998,4687.4,549,34.31,639,39.9,21,1.31,6403,400.2,9754,609.6
P.Ramsey,NULL,7,5932,847.4,35,5.00,89,12.7,2,0.29,513,73.3,915,130.7
P.Rivers,NULL,17,66399,3905.8,437,25.71,651,38.3,4,0.24,5515,324.4,8535,502.1
P.Walker,NULL,4,2135,533.8,6,1.50,80,20.0,0,0.00,185,46.3,339,84.8
P.White,NULL,1,0,0.0,0,0.00,81,81.0,0,0.00,0,0.0,5,5.0
Q.Carter,NULL,4,6491,1622.8,32,8.00,543,135.8,4,1.00,563,140.8,997,249.3
Q.Ewers,NULL,1,53,53.0,0,0.00,0,0.0,0,0.00,5,5.0,8,8.0
Q.Gray,NULL,4,1328,332.0,13,3.25,111,27.8,2,0.50,108,27.0,188,47.0
"R. Gannon",NULL,2,7491,3745.5,47,23.50,379,189.5,5,2.50,689,344.5,1039,519.5
"R. Grossman",NULL,1,31,31.0,0,0.00,0,0.0,0,0.00,6,6.0,10,10.0
"R. Johnson",NULL,1,54,54.0,0,0.00,15,15.0,0,0.00,6,6.0,13,13.0
"R. Lucas",NULL,1,1045,1045.0,4,4.00,128,128.0,2,2.00,92,92.0,160,160.0
"R. Mirer",NULL,1,761,761.0,2,2.00,77,77.0,1,1.00,74,74.0,155,155.0
R.Bartel,NULL,2,236,118.0,1,0.50,9,4.5,0,0.00,26,13.0,50,25.0
R.Cunningham,NULL,3,2897,965.7,17,5.67,183,61.0,2,0.67,252,84.0,413,137.7
R.Davey,NULL,3,88,29.3,0,0.00,-5,-1.7,0,0.00,8,2.7,18,6.0
R.Fasani,NULL,1,146,146.0,0,0.00,79,79.0,0,0.00,11,11.0,37,37.0
"R.Fasani (3rd QB)",NULL,1,25,25.0,0,0.00,16,16.0,0,0.00,4,4.0,7,7.0
R.Finley,NULL,2,638,319.0,3,1.50,143,71.5,1,0.50,58,29.0,119,59.5
R.Fitzpatrick,NULL,16,34982,2186.4,223,13.94,2625,164.1,21,1.31,3072,192.0,5060,316.3
R.Gannon,NULL,5,11607,2321.4,78,15.60,964,192.8,7,1.40,979,195.8,1622,324.4
R.Griffin,NULL,6,9182,1530.3,45,7.50,1768,294.7,10,1.67,792,132.0,1253,208.8
"R.Griffin III",NULL,2,191,95.5,0,0.00,61,30.5,0,0.00,19,9.5,38,19.0
R.Grossman,NULL,9,10988,1220.9,60,6.67,100,11.1,4,0.44,927,103.0,1686,187.3
R.Johnson,NULL,5,4437,887.4,20,4.00,660,132.0,2,0.40,396,79.2,648,129.6
R.Leaf,NULL,2,2315,1157.5,12,6.00,47,23.5,0,0.00,200,100.0,397,198.5
R.Leonard,NULL,1,0,0.0,0,0.00,1,1.0,0,0.00,0,0.0,2,2.0
R.Lindley,NULL,3,1454,484.7,4,1.33,7,2.3,0,0.00,156,52.0,302,100.7
R.Lucas,NULL,4,1929,482.3,14,3.50,200,50.0,2,0.50,184,46.0,314,78.5
R.Mallett,NULL,5,1835,367.0,9,1.80,-5,-1.0,1,0.20,190,38.0,345,69.0
R.Mirer,NULL,3,1694,564.7,7,2.33,95,31.7,1,0.33,147,49.0,262,87.3
R.Nassib,NULL,2,128,64.0,1,0.50,-3,-1.5,0,0.00,9,4.5,10,5.0
R.Peete,NULL,4,2759,689.8,17,4.25,12,3.0,0,0.00,236,59.0,409,102.3
R.Smith,NULL,2,234,117.0,0,0.00,0,0.0,0,0.00,23,11.5,45,22.5
R.Tannehill,NULL,11,35635,3239.5,223,20.27,2156,196.0,28,2.55,3132,284.7,4874,443.1
R.Wilson,NULL,14,50977,3641.2,380,27.14,6089,434.9,34,2.43,4243,303.1,6593,470.9
Ryan,NULL,1,252,252.0,0,0.00,4,4.0,0,0.00,27,27.0,44,44.0
"S. Beuerlein",NULL,2,779,389.5,6,3.00,5,2.5,0,0.00,65,32.5,112,56.0
"S. Covington",NULL,1,7,7.0,0,0.00,0,0.0,0,0.00,2,2.0,5,5.0
"S. Matthews",NULL,1,760,760.0,5,5.00,4,4.0,0,0.00,92,92.0,146,146.0
"S. Rosenfels",NULL,1,0,0.0,0,0.00,-9,-9.0,0,0.00,0,0.0,3,3.0
S.Beuerlein,NULL,4,8701,2175.3,57,14.25,247,61.8,4,1.00,703,175.8,1170,292.5
S.Bono,NULL,1,0,0.0,0,0.00,-2,-2.0,0,0.00,0,0.0,1,1.0
S.Bradford,NULL,8,19449,2431.1,103,12.88,340,42.5,2,0.25,1855,231.9,2967,370.9
S.Case,NULL,2,1491,745.5,4,2.00,258,129.0,4,2.00,133,66.5,260,130.0
S.Clifford,NULL,1,37,37.0,0,0.00,-2,-2.0,0,0.00,1,1.0,1,1.0
S.Covington,NULL,1,23,23.0,0,0.00,-4,-4.0,0,0.00,4,4.0,5,5.0
S.Darnold,NULL,8,18382,2297.8,111,13.88,1029,128.6,14,1.75,1599,199.9,2588,323.5
S.Ehlinger,NULL,2,573,286.5,3,1.50,96,48.0,0,0.00,64,32.0,101,50.5
S.Hill,NULL,8,5404,675.5,31,3.88,205,25.6,4,0.50,488,61.0,794,99.3
S.Howell,NULL,3,4139,1379.7,22,7.33,300,100.0,6,2.00,404,134.7,645,215.0
S.King,NULL,6,5057,842.8,28,4.67,466,77.7,5,0.83,460,76.7,830,138.3
S.Mannion,NULL,6,573,95.5,1,0.17,-3,-0.5,0,0.00,67,11.2,110,18.3
S.Matthews,NULL,4,3904,976.0,25,6.25,94,23.5,0,0.00,395,98.8,693,173.3
S.McGee,NULL,2,420,210.0,3,1.50,102,51.0,0,0.00,46,23.0,82,41.0
S.McNair,NULL,9,25440,2826.7,142,15.78,2505,278.3,29,3.22,2283,253.7,3725,413.9
S.Mitchell,NULL,3,1052,350.7,3,1.00,62,20.7,1,0.33,100,33.3,215,71.7
S.Rattler,NULL,2,2903,1451.5,12,6.00,313,156.5,0,0.00,304,152.0,484,242.0
S.Renfree,NULL,1,11,11.0,0,0.00,-4,-4.0,0,0.00,3,3.0,7,7.0
S.Rosenfels,NULL,7,4156,593.7,30,4.29,104,14.9,1,0.14,351,50.1,559,79.9
S.Stenstrom,NULL,1,536,536.0,0,0.00,15,15.0,0,0.00,54,54.0,100,100.0
S.Thompson,NULL,2,941,470.5,2,1.00,28,14.0,0,0.00,99,49.5,183,91.5
S.Tolzien,NULL,4,1065,266.3,2,0.50,57,14.3,1,0.25,88,22.0,146,36.5
S.Wallace,NULL,8,4947,618.4,31,3.88,290,36.3,1,0.13,468,58.5,788,98.5
S.Walsh,NULL,1,47,47.0,0,0.00,0,0.0,0,0.00,7,7.0,13,13.0
S.Wynn,NULL,2,585,292.5,1,0.50,76,38.0,0,0.00,70,35.0,152,76.0
S.Young,NULL,1,446,446.0,3,3.00,57,57.0,0,0.00,45,45.0,83,83.0
S.Zolak,NULL,1,0,0.0,0,0.00,-2,-2.0,0,0.00,0,0.0,4,4.0
Sh.Hill,NULL,3,2891,963.7,18,6.00,121,40.3,0,0.00,269,89.7,432,144.0
"T. Collins",NULL,3,187,62.3,1,0.33,6,2.0,0,0.00,17,5.7,22,7.3
"T. Couch",NULL,1,562,562.0,3,3.00,24,24.0,0,0.00,41,41.0,81,81.0
"T. Green",NULL,3,11724,3908.0,68,22.67,484,161.3,3,1.00,931,310.3,1546,515.3
"T. Maddox",NULL,1,2749,2749.0,12,12.00,13,13.0,0,0.00,236,236.0,407,407.0
"T. Martin",NULL,1,69,69.0,0,0.00,28,28.0,0,0.00,6,6.0,16,16.0
T.Aikman,NULL,2,4882,2441.0,24,12.00,23,11.5,1,0.50,441,220.5,740,370.0
T.Bagent,NULL,3,897,299.0,3,1.00,109,36.3,2,0.67,98,32.7,148,49.3
T.Banks,NULL,6,6982,1163.7,41,6.83,326,54.3,2,0.33,593,98.8,1096,182.7
T.Bouman,NULL,5,1905,381.0,13,2.60,94,18.8,0,0.00,147,29.4,264,52.8
T.Boykin,NULL,1,145,145.0,1,1.00,1,1.0,0,0.00,13,13.0,18,18.0
T.Boyle,NULL,6,1210,201.7,5,0.83,9,1.5,0,0.00,141,23.5,233,38.8
T.Brady,NULL,23,102616,4461.6,737,32.04,1256,54.6,35,1.52,8954,389.3,13973,607.5
T.Brandstater,NULL,1,0,0.0,0,0.00,0,0.0,0,0.00,0,0.0,2,2.0
T.Bray,NULL,2,18,9.0,0,0.00,0,0.0,0,0.00,1,0.5,6,3.0
T.Bridgewater,NULL,11,15269,1388.1,75,6.82,843,76.6,11,1.00,1390,126.4,2092,190.2
T.Brown,NULL,1,201,201.0,1,1.00,10,10.0,0,0.00,15,15.0,33,33.0
T.Collins,NULL,5,1408,281.6,7,1.40,5,1.0,0,0.00,119,23.8,214,42.8
T.Couch,NULL,5,10569,2113.8,61,12.20,532,106.4,2,0.40,984,196.8,1631,326.2
T.Detmer,NULL,2,1454,727.0,7,3.50,64,32.0,1,0.50,139,69.5,242,121.0
T.DeVito,NULL,2,1358,679.0,8,4.00,227,113.5,1,0.50,145,72.5,222,111.0
T.Dilfer,NULL,8,9758,1219.8,57,7.13,354,44.3,0,0.00,823,102.9,1451,181.4
T.Edwards,NULL,5,6033,1206.6,26,5.20,330,66.0,3,0.60,563,112.6,929,185.8
T.Graziani,NULL,1,759,759.0,2,2.00,11,11.0,0,0.00,62,62.0,118,118.0
T.Green,NULL,6,13627,2271.2,73,12.17,328,54.7,1,0.17,1089,181.5,1738,289.7
T.Hasselbeck,NULL,3,1012,337.3,5,1.67,37,12.3,0,0.00,95,31.7,177,59.0
T.Heinicke,NULL,7,6969,995.6,40,5.71,654,93.4,4,0.57,633,90.4,1015,145.0
T.Huntley,NULL,6,3326,554.3,14,2.33,822,137.0,5,0.83,357,59.5,554,92.3
T.Husak,NULL,1,-2,-2.0,0,0.00,-1,-1.0,0,0.00,2,2.0,2,2.0
T.Jackson,NULL,9,7427,825.2,39,4.33,650,72.2,6,0.67,655,72.8,1109,123.2
T.Lance,NULL,4,1107,276.8,5,1.25,287,71.8,1,0.25,84,21.0,147,36.8
T.Lawrence,NULL,5,15940,3188.0,83,16.60,1230,246.0,16,3.20,1492,298.4,2379,475.8
T.Lewis,NULL,2,1296,648.0,5,2.50,55,27.5,1,0.50,115,57.5,189,94.5
T.Maddox,NULL,5,5023,1004.6,35,7.00,99,19.8,1,0.20,418,83.6,718,143.6
T.Martin,NULL,1,0,0.0,0,0.00,8,8.0,0,0.00,0,0.0,0,0.0
T.McKee,NULL,2,323,161.5,4,2.00,-3,-1.5,0,0.00,30,15.0,45,22.5
T.McSorley,NULL,3,502,167.3,1,0.33,79,26.3,0,0.00,48,16.0,93,31.0
T.Palko,NULL,2,831,415.5,2,1.00,20,10.0,0,0.00,84,42.0,140,70.0
"T.Pike (3rd QB)",NULL,1,47,47.0,0,0.00,0,0.0,0,0.00,6,6.0,12,12.0
T.Rattay,NULL,8,4853,606.6,31,3.88,77,9.6,0,0.00,432,54.0,714,89.3
T.Romo,NULL,12,35499,2958.3,256,21.33,649,54.1,5,0.42,2943,245.3,4521,376.8
T.Savage,NULL,3,2000,666.7,5,1.67,8,2.7,0,0.00,181,60.3,315,105.0
T.Shough,NULL,1,128,128.0,0,0.00,12,12.0,0,0.00,17,17.0,32,32.0
T.Siemian,NULL,7,7751,1107.3,44,6.29,251,35.9,2,0.29,707,101.0,1208,172.6
T.Smith,NULL,4,1734,433.5,8,2.00,232,58.0,3,0.75,121,30.3,234,58.5
T.Stevens,NULL,1,0,0.0,0,0.00,24,24.0,0,0.00,0,0.0,0,0.0
T.Tagovailoa,NULL,6,17484,2914.0,116,19.33,494,82.3,6,1.00,1591,265.2,2347,391.2
T.Taylor,NULL,15,12351,823.4,68,4.53,2333,155.5,18,1.20,1114,74.3,1814,120.9
T.Tebow,NULL,3,2874,958.0,19,6.33,1052,350.7,13,4.33,192,64.0,408,136.0
T.Thigpen,NULL,6,3222,537.0,21,3.50,469,78.2,3,0.50,275,45.8,509,84.8
T.Woodbury,NULL,2,0,0.0,0,0.00,0,0.0,0,0.00,0,0.0,0,0.0
T.Yates,NULL,6,2400,400.0,11,1.83,104,17.3,1,0.17,207,34.5,379,63.2
Tr.Brown,NULL,2,160,80.0,0,0.00,5,2.5,0,0.00,14,7.0,19,9.5
Ty.Taylor,NULL,1,416,416.0,3,3.00,55,55.0,1,1.00,31,31.0,44,44.0
V.Testaverde,NULL,9,14006,1556.2,74,8.22,151,16.8,3,0.33,1254,139.3,2143,238.1
V.Young,NULL,6,9102,1517.0,46,7.67,1472,245.3,12,2.00,771,128.5,1332,222.0
W.Grier,NULL,1,228,228.0,0,0.00,22,22.0,0,0.00,28,28.0,52,52.0
W.Levis,NULL,2,3899,1949.5,21,10.50,240,120.0,1,0.50,339,169.5,556,278.0
W.Moon,NULL,2,228,114.0,1,0.50,2,1.0,0,0.00,16,8.0,37,18.5
Z.Mettenberger,NULL,2,2347,1173.5,12,6.00,12,6.0,1,0.50,208,104.0,345,172.5
Z.Wilson,NULL,4,6325,1581.3,23,5.75,501,125.3,5,1.25,572,143.0,1002,250.5
