Id,SalePrice
1461,142635.06814
1462,142635.06814
1463,190194.64968
1464,190194.64968
1465,292285.39475
1466,190194.64968
1467,190194.64968
1468,190194.64968
1469,190194.64968
1470,142635.06814
1471,142635.06814
1472,103555.65011
1473,103555.65011
1474,142411.69282
1475,142411.69282
1476,302371.38263
1477,302371.38263
1478,302371.38263
1479,302371.38263
1480,302371.38263
1481,302371.38263
1482,302371.38263
1483,190194.64968
1484,192801.34128
1485,190194.64968
1486,190194.64968
1487,319975.63297
1488,218927.40561
1489,218927.40561
1490,218927.40561
1491,178204.91241
1492,178204.91241
1493,134789.22684
1494,319975.63297
1495,319975.63297
1496,218927.40561
1497,218927.40561
1498,218927.40561
1499,218927.40561
1500,218927.40561
1501,218927.40561
1502,218927.40561
1503,218927.40561
1504,218927.40561
1505,218927.40561
1506,185462.66425
1507,185462.66425
1508,185462.66425
1509,185462.66425
1510,142635.06814
1511,142635.06814
1512,142635.06814
1513,142635.06814
1514,142635.06814
1515,142635.06814
1516,142635.06814
1517,142635.06814
1518,142635.06814
1519,142635.06814
1520,142635.06814
1521,142635.06814
1522,142635.06814
1523,142635.06814
1524,142635.06814
1525,142635.06814
1526,142635.06814
1527,142635.06814
1528,142635.06814
1529,142635.06814
1530,142635.06814
1531,121038.57954
1532,121038.57954
1533,121038.57954
1534,121038.57954
1535,121038.57954
1536,121038.57954
1537,121038.57954
1538,121038.57954
1539,121038.57954
1540,121038.57954
1541,121038.57954
1542,118151.96399
1543,118151.96399
1544,118151.96399
1545,118151.96399
1546,118151.96399
1547,118151.96399
1548,118151.96399
1549,118151.96399
1550,118151.96399
1551,121038.57954
1552,121038.57954
1553,121038.57954
1554,121038.57954
1555,206881.21867
1556,206881.21867
1557,138473.60293
1558,138473.60293
1559,138473.60293
1560,138473.60293
1561,134789.22684
1562,134789.22684
1563,134789.22684
1564,134789.22684
1565,134789.22684
1566,206881.21867
1567,134789.22684
1568,206881.21867
1569,122065.37469
1570,122065.37469
1571,122065.37469
1572,122065.37469
1573,122065.37469
1574,122065.37469
1575,178204.91241
1576,178204.91241
1577,191691.25459
1578,178204.91241
1579,191691.25459
1580,191691.25459
1581,191691.25459
1582,191691.25459
1583,191691.25459
1584,191691.25459
1585,191691.25459
1586,122065.37469
1587,122065.37469
1588,122065.37469
1589,122065.37469
1590,122065.37469
1591,122065.37469
1592,138473.60293
1593,138473.60293
1594,138473.60293
1595,138473.60293
1596,200117.28024
1597,200117.28024
1598,200117.28024
1599,136835.66786
1600,136835.66786
1601,93609.675884
1602,93609.675884
1603,93609.675884
1604,200117.28024
1605,152351.80112
1606,152351.80112
1607,152351.80112
1608,234088.69485
1609,234088.69485
1610,234088.69485
1611,152351.80112
1612,152351.80112
1613,152351.80112
1614,96232.483473
1615,96232.483473
1616,96232.483473
1617,96232.483473
1618,152351.80112
1619,152351.80112
1620,152351.80112
1621,152351.80112
1622,152351.80112
1623,152351.80112
1624,152351.80112
1625,142635.06814
1626,142635.06814
1627,190194.64968
1628,190194.64968
1629,190194.64968
1630,292285.39475
1631,292285.39475
1632,292285.39475
1633,190194.64968
1634,190194.64968
1635,190194.64968
1636,190194.64968
1637,190194.64968
1638,185462.66425
1639,185462.66425
1640,185462.66425
1641,185462.66425
1642,218927.40561
1643,218927.40561
1644,218927.40561
1645,185462.66425
1646,185462.66425
1647,185462.66425
1648,142635.06814
1649,142635.06814
1650,142635.06814
1651,142635.06814
1652,103555.65011
1653,103555.65011
1654,142411.69282
1655,142411.69282
1656,142411.69282
1657,142411.69282
1658,142411.69282
1659,142411.69282
1660,142635.06814
1661,302371.38263
1662,302371.38263
1663,302371.38263
1664,302371.38263
1665,302371.38263
1666,302371.38263
1667,302371.38263
1668,302371.38263
1669,302371.38263
1670,302371.38263
1671,302371.38263
1672,302371.38263
1673,302371.38263
1674,302371.38263
1675,302371.38263
1676,302371.38263
1677,302371.38263
1678,302371.38263
1679,302371.38263
1680,302371.38263
1681,302371.38263
1682,302371.38263
1683,302371.38263
1684,190194.64968
1685,190194.64968
1686,192801.34128
1687,190194.64968
1688,190194.64968
1689,190194.64968
1690,190194.64968
1691,190194.64968
1692,190194.64968
1693,190194.64968
1694,190194.64968
1695,190194.64968
1696,190194.64968
1697,190194.64968
1698,319975.63297
1699,319975.63297
1700,319975.63297
1701,319975.63297
1702,218927.40561
1703,218927.40561
1704,218927.40561
1705,218927.40561
1706,218927.40561
1707,218927.40561
1708,218927.40561
1709,218927.40561
1710,218927.40561
1711,218927.40561
1712,218927.40561
1713,218927.40561
1714,218927.40561
1715,218927.40561
1716,178204.91241
1717,178204.91241
1718,178204.91241
1719,178204.91241
1720,178204.91241
1721,178204.91241
1722,178204.91241
1723,178204.91241
1724,178204.91241
1725,178204.91241
1726,178204.91241
1727,178204.91241
1728,178204.91241
1729,178204.91241
1730,178204.91241
1731,134789.22684
1732,134789.22684
1733,134789.22684
1734,134789.22684
1735,134789.22684
1736,134789.22684
1737,229618.81091
1738,319975.63297
1739,218927.40561
1740,218927.40561
1741,218927.40561
1742,218927.40561
1743,218927.40561
1744,229618.81091
1745,229618.81091
1746,229618.81091
1747,185462.66425
1748,185462.66425
1749,185462.66425
1750,185462.66425
1751,185462.66425
1752,142635.06814
1753,142635.06814
1754,185462.66425
1755,185462.66425
1756,142635.06814
1757,142635.06814
1758,142635.06814
1759,142635.06814
1760,142635.06814
1761,142635.06814
1762,142635.06814
1763,142635.06814
1764,142635.06814
1765,142635.06814
1766,142635.06814
1767,142635.06814
1768,142635.06814
1769,142635.06814
1770,142635.06814
1771,142635.06814
1772,142635.06814
1773,142635.06814
1774,142635.06814
1775,142635.06814
1776,142635.06814
1777,142635.06814
1778,142635.06814
1779,142635.06814
1780,142635.06814
1781,142635.06814
1782,121038.57954
1783,121038.57954
1784,121038.57954
1785,121038.57954
1786,121038.57954
1787,121038.57954
1788,121038.57954
1789,121038.57954
1790,121038.57954
1791,142635.06814
1792,142635.06814
1793,142635.06814
1794,142635.06814
1795,142635.06814
1796,142635.06814
1797,142635.06814
1798,142635.06814
1799,142635.06814
1800,142635.06814
1801,142635.06814
1802,142635.06814
1803,142635.06814
1804,142635.06814
1805,142635.06814
1806,121038.57954
1807,121038.57954
1808,121038.57954
1809,121038.57954
1810,121038.57954
1811,121038.57954
1812,121038.57954
1813,121038.57954
1814,121038.57954
1815,121038.57954
1816,121038.57954
1817,121038.57954
1818,121038.57954
1819,121038.57954
1820,121038.57954
1821,121038.57954
1822,121038.57954
1823,93609.675884
1824,118151.96399
1825,118151.96399
1826,118151.96399
1827,118151.96399
1828,118151.96399
1829,118151.96399
1830,121038.57954
1831,121038.57954
1832,121038.57954
1833,93609.675884
1834,121038.57954
1835,121038.57954
1836,93609.675884
1837,93609.675884
1838,93609.675884
1839,134789.22684
1840,122065.37469
1841,122065.37469
1842,122065.37469
1843,134789.22684
1844,134789.22684
1845,134789.22684
1846,134789.22684
1847,206881.21867
1848,134789.22684
1849,122065.37469
1850,122065.37469
1851,122065.37469
1852,122065.37469
1853,122065.37469
1854,178204.91241
1855,178204.91241
1856,178204.91241
1857,178204.91241
1858,178204.91241
1859,178204.91241
1860,178204.91241
1861,178204.91241
1862,178204.91241
1863,178204.91241
1864,178204.91241
1865,191691.25459
1866,191691.25459
1867,191691.25459
1868,191691.25459
1869,191691.25459
1870,191691.25459
1871,191691.25459
1872,191691.25459
1873,206881.21867
1874,191691.25459
1875,191691.25459
1876,191691.25459
1877,191691.25459
1878,191691.25459
1879,191691.25459
1880,191691.25459
1881,191691.25459
1882,191691.25459
1883,191691.25459
1884,191691.25459
1885,191691.25459
1886,191691.25459
1887,191691.25459
1888,191691.25459
1889,191691.25459
1890,122065.37469
1891,122065.37469
1892,122065.37469
1893,122065.37469
1894,122065.37469
1895,122065.37469
1896,122065.37469
1897,138473.60293
1898,138473.60293
1899,200117.28024
1900,200117.28024
1901,200117.28024
1902,200117.28024
1903,200117.28024
1904,200117.28024
1905,200117.28024
1906,200117.28024
1907,200117.28024
1908,136835.66786
1909,136835.66786
1910,136835.66786
1911,200117.28024
1912,200117.28024
1913,93609.675884
1914,93609.675884
1915,200117.28024
1916,93609.675884
1917,152351.80112
1918,152351.80112
1919,152351.80112
1920,152351.80112
1921,234088.69485
1922,234088.69485
1923,234088.69485
1924,234088.69485
1925,234088.69485
1926,234088.69485
1927,152351.80112
1928,152351.80112
1929,152351.80112
1930,152351.80112
1931,152351.80112
1932,152351.80112
1933,152351.80112
1934,190194.64968
1935,190194.64968
1936,190194.64968
1937,190194.64968
1938,190194.64968
1939,292285.39475
1940,292285.39475
1941,190194.64968
1942,190194.64968
1943,292285.39475
1944,292285.39475
1945,292285.39475
1946,190194.64968
1947,292285.39475
1948,190194.64968
1949,185462.66425
1950,185462.66425
1951,185462.66425
1952,185462.66425
1953,185462.66425
1954,185462.66425
1955,185462.66425
1956,185462.66425
1957,185462.66425
1958,185462.66425
1959,142635.06814
1960,142635.06814
1961,142635.06814
1962,103555.65011
1963,103555.65011
1964,103555.65011
1965,142411.69282
1966,142411.69282
1967,302371.38263
1968,302371.38263
1969,302371.38263
1970,302371.38263
1971,302371.38263
1972,302371.38263
1973,302371.38263
1974,302371.38263
1975,302371.38263
1976,302371.38263
1977,302371.38263
1978,302371.38263
1979,302371.38263
1980,302371.38263
1981,302371.38263
1982,302371.38263
1983,302371.38263
1984,302371.38263
1985,192801.34128
1986,192801.34128
1987,192801.34128
1988,190194.64968
1989,190194.64968
1990,190194.64968
1991,302371.38263
1992,190194.64968
1993,190194.64968
1994,190194.64968
1995,190194.64968
1996,319975.63297
1997,319975.63297
1998,319975.63297
1999,319975.63297
2000,319975.63297
2001,319975.63297
2002,218927.40561
2003,218927.40561
2004,218927.40561
2005,218927.40561
2006,218927.40561
2007,218927.40561
2008,218927.40561
2009,178204.91241
2010,178204.91241
2011,178204.91241
2012,178204.91241
2013,178204.91241
2014,178204.91241
2015,178204.91241
2016,178204.91241
2017,178204.91241
2018,134789.22684
2019,134789.22684
2020,134789.22684
2021,134789.22684
2022,229618.81091
2023,134789.22684
2024,319975.63297
2025,319975.63297
2026,218927.40561
2027,218927.40561
2028,218927.40561
2029,218927.40561
2030,218927.40561
2031,218927.40561
2032,218927.40561
2033,218927.40561
2034,218927.40561
2035,218927.40561
2036,218927.40561
2037,218927.40561
2038,218927.40561
2039,229618.81091
2040,229618.81091
2041,229618.81091
2042,218927.40561
2043,185462.66425
2044,185462.66425
2045,185462.66425
2046,185462.66425
2047,142635.06814
2048,142635.06814
2049,142635.06814
2050,185462.66425
2051,142635.06814
2052,142635.06814
2053,142635.06814
2054,118151.96399
2055,142635.06814
2056,142635.06814
2057,142635.06814
2058,142635.06814
2059,142635.06814
2060,142635.06814
2061,142635.06814
2062,142635.06814
2063,142635.06814
2064,142635.06814
2065,142635.06814
2066,142635.06814
2067,142635.06814
2068,142635.06814
2069,121038.57954
2070,121038.57954
2071,121038.57954
2072,121038.57954
2073,142635.06814
2074,142635.06814
2075,142635.06814
2076,142635.06814
2077,142635.06814
2078,142635.06814
2079,142635.06814
2080,142635.06814
2081,142635.06814
2082,142635.06814
2083,142635.06814
2084,142635.06814
2085,142635.06814
2086,121038.57954
2087,121038.57954
2088,121038.57954
2089,121038.57954
2090,121038.57954
2091,121038.57954
2092,121038.57954
2093,121038.57954
2094,121038.57954
2095,121038.57954
2096,121038.57954
2097,121038.57954
2098,121038.57954
2099,121038.57954
2100,121038.57954
2101,121038.57954
2102,121038.57954
2103,121038.57954
2104,121038.57954
2105,121038.57954
2106,121038.57954
2107,121038.57954
2108,121038.57954
2109,121038.57954
2110,118151.96399
2111,118151.96399
2112,118151.96399
2113,118151.96399
2114,118151.96399
2115,118151.96399
2116,118151.96399
2117,118151.96399
2118,118151.96399
2119,118151.96399
2120,118151.96399
2121,118151.96399
2122,118151.96399
2123,118151.96399
2124,118151.96399
2125,121038.57954
2126,118151.96399
2127,121038.57954
2128,121038.57954
2129,93609.675884
2130,93609.675884
2131,93609.675884
2132,93609.675884
2133,93609.675884
2134,93609.675884
2135,93609.675884
2136,93609.675884
2137,134789.22684
2138,134789.22684
2139,134789.22684
2140,134789.22684
2141,134789.22684
2142,134789.22684
2143,134789.22684
2144,134789.22684
2145,134789.22684
2146,134789.22684
2147,206881.21867
2148,134789.22684
2149,134789.22684
2150,206881.21867
2151,122065.37469
2152,122065.37469
2153,122065.37469
2154,122065.37469
2155,122065.37469
2156,178204.91241
2157,178204.91241
2158,178204.91241
2159,178204.91241
2160,191691.25459
2161,191691.25459
2162,191691.25459
2163,191691.25459
2164,178204.91241
2165,206881.21867
2166,191691.25459
2167,191691.25459
2168,191691.25459
2169,191691.25459
2170,191691.25459
2171,191691.25459
2172,191691.25459
2173,191691.25459
2174,191691.25459
2175,191691.25459
2176,191691.25459
2177,191691.25459
2178,191691.25459
2179,191691.25459
2180,191691.25459
2181,191691.25459
2182,191691.25459
2183,191691.25459
2184,122065.37469
2185,122065.37469
2186,122065.37469
2187,122065.37469
2188,122065.37469
2189,122065.37469
2190,122065.37469
2191,122065.37469
2192,122065.37469
2193,122065.37469
2194,122065.37469
2195,122065.37469
2196,122065.37469
2197,122065.37469
2198,138473.60293
2199,138473.60293
2200,200117.28024
2201,200117.28024
2202,200117.28024
2203,200117.28024
2204,200117.28024
2205,200117.28024
2206,200117.28024
2207,200117.28024
2208,200117.28024
2209,200117.28024
2210,136835.66786
2211,93609.675884
2212,93609.675884
2213,93609.675884
2214,93609.675884
2215,93609.675884
2216,93609.675884
2217,93609.675884
2218,93609.675884
2219,93609.675884
2220,93609.675884
2221,200117.28024
2222,200117.28024
2223,152351.80112
2224,152351.80112
2225,152351.80112
2226,152351.80112
2227,234088.69485
2228,234088.69485
2229,234088.69485
2230,234088.69485
2231,234088.69485
2232,234088.69485
2233,234088.69485
2234,234088.69485
2235,234088.69485
2236,234088.69485
2237,234088.69485
2238,152351.80112
2239,152351.80112
2240,152351.80112
2241,152351.80112
2242,96232.483473
2243,96232.483473
2244,96232.483473
2245,96232.483473
2246,152351.80112
2247,96232.483473
2248,152351.80112
2249,152351.80112
2250,152351.80112
2251,93609.675884
2252,142635.06814
2253,190194.64968
2254,190194.64968
2255,190194.64968
2256,190194.64968
2257,190194.64968
2258,190194.64968
2259,190194.64968
2260,190194.64968
2261,292285.39475
2262,292285.39475
2263,292285.39475
2264,292285.39475
2265,190194.64968
2266,292285.39475
2267,292285.39475
2268,292285.39475
2269,185462.66425
2270,185462.66425
2271,185462.66425
2272,185462.66425
2273,185462.66425
2274,185462.66425
2275,185462.66425
2276,185462.66425
2277,185462.66425
2278,142635.06814
2279,142635.06814
2280,142635.06814
2281,142635.06814
2282,142635.06814
2283,103555.65011
2284,103555.65011
2285,142411.69282
2286,142635.06814
2287,302371.38263
2288,302371.38263
2289,302371.38263
2290,302371.38263
2291,302371.38263
2292,302371.38263
2293,302371.38263
2294,302371.38263
2295,302371.38263
2296,302371.38263
2297,302371.38263
2298,302371.38263
2299,302371.38263
2300,302371.38263
2301,302371.38263
2302,302371.38263
2303,302371.38263
2304,302371.38263
2305,302371.38263
2306,302371.38263
2307,302371.38263
2308,302371.38263
2309,302371.38263
2310,302371.38263
2311,302371.38263
2312,190194.64968
2313,190194.64968
2314,190194.64968
2315,190194.64968
2316,190194.64968
2317,190194.64968
2318,190194.64968
2319,190194.64968
2320,190194.64968
2321,192801.34128
2322,192801.34128
2323,190194.64968
2324,190194.64968
2325,190194.64968
2326,190194.64968
2327,190194.64968
2328,190194.64968
2329,190194.64968
2330,190194.64968
2331,319975.63297
2332,319975.63297
2333,319975.63297
2334,319975.63297
2335,319975.63297
2336,319975.63297
2337,218927.40561
2338,218927.40561
2339,218927.40561
2340,218927.40561
2341,218927.40561
2342,218927.40561
2343,218927.40561
2344,218927.40561
2345,218927.40561
2346,218927.40561
2347,218927.40561
2348,218927.40561
2349,218927.40561
2350,218927.40561
2351,218927.40561
2352,218927.40561
2353,218927.40561
2354,178204.91241
2355,178204.91241
2356,178204.91241
2357,178204.91241
2358,178204.91241
2359,178204.91241
2360,134789.22684
2361,134789.22684
2362,229618.81091
2363,134789.22684
2364,134789.22684
2365,218927.40561
2366,218927.40561
2367,218927.40561
2368,218927.40561
2369,218927.40561
2370,218927.40561
2371,218927.40561
2372,218927.40561
2373,218927.40561
2374,218927.40561
2375,229618.81091
2376,229618.81091
2377,229618.81091
2378,185462.66425
2379,185462.66425
2380,185462.66425
2381,185462.66425
2382,185462.66425
2383,185462.66425
2384,185462.66425
2385,185462.66425
2386,185462.66425
2387,142635.06814
2388,142635.06814
2389,142635.06814
2390,142635.06814
2391,142635.06814
2392,142635.06814
2393,142635.06814
2394,142635.06814
2395,142635.06814
2396,142635.06814
2397,142635.06814
2398,142635.06814
2399,118151.96399
2400,118151.96399
2401,118151.96399
2402,142635.06814
2403,142635.06814
2404,142635.06814
2405,142635.06814
2406,142635.06814
2407,142635.06814
2408,142635.06814
2409,142635.06814
2410,142635.06814
2411,142635.06814
2412,142635.06814
2413,142635.06814
2414,142635.06814
2415,142635.06814
2416,142635.06814
2417,142635.06814
2418,142635.06814
2419,142635.06814
2420,142635.06814
2421,142635.06814
2422,121038.57954
2423,121038.57954
2424,142635.06814
2425,142635.06814
2426,121038.57954
2427,121038.57954
2428,142635.06814
2429,142635.06814
2430,142635.06814
2431,142635.06814
2432,142635.06814
2433,142635.06814
2434,142635.06814
2435,142635.06814
2436,142635.06814
2437,142635.06814
2438,142635.06814
2439,121038.57954
2440,121038.57954
2441,121038.57954
2442,121038.57954
2443,121038.57954
2444,121038.57954
2445,121038.57954
2446,121038.57954
2447,121038.57954
2448,121038.57954
2449,121038.57954
2450,121038.57954
2451,121038.57954
2452,121038.57954
2453,121038.57954
2454,121038.57954
2455,118151.96399
2456,118151.96399
2457,118151.96399
2458,118151.96399
2459,118151.96399
2460,118151.96399
2461,118151.96399
2462,118151.96399
2463,118151.96399
2464,121038.57954
2465,118151.96399
2466,118151.96399
2467,121038.57954
2468,121038.57954
2469,121038.57954
2470,93609.675884
2471,93609.675884
2472,93609.675884
2473,93609.675884
2474,93609.675884
2475,134789.22684
2476,138473.60293
2477,134789.22684
2478,134789.22684
2479,134789.22684
2480,134789.22684
2481,134789.22684
2482,134789.22684
2483,134789.22684
2484,134789.22684
2485,134789.22684
2486,134789.22684
2487,134789.22684
2488,134789.22684
2489,134789.22684
2490,134789.22684
2491,134789.22684
2492,206881.21867
2493,122065.37469
2494,122065.37469
2495,122065.37469
2496,206881.21867
2497,122065.37469
2498,138473.60293
2499,122065.37469
2500,122065.37469
2501,122065.37469
2502,122065.37469
2503,122065.37469
2504,178204.91241
2505,178204.91241
2506,191691.25459
2507,191691.25459
2508,191691.25459
2509,191691.25459
2510,191691.25459
2511,191691.25459
2512,191691.25459
2513,178204.91241
2514,206881.21867
2515,191691.25459
2516,191691.25459
2517,191691.25459
2518,191691.25459
2519,191691.25459
2520,191691.25459
2521,191691.25459
2522,191691.25459
2523,191691.25459
2524,191691.25459
2525,191691.25459
2526,191691.25459
2527,191691.25459
2528,191691.25459
2529,191691.25459
2530,191691.25459
2531,191691.25459
2532,191691.25459
2533,191691.25459
2534,191691.25459
2535,191691.25459
2536,191691.25459
2537,191691.25459
2538,191691.25459
2539,191691.25459
2540,191691.25459
2541,191691.25459
2542,191691.25459
2543,122065.37469
2544,122065.37469
2545,122065.37469
2546,122065.37469
2547,122065.37469
2548,122065.37469
2549,122065.37469
2550,122065.37469
2551,122065.37469
2552,122065.37469
2553,122065.37469
2554,122065.37469
2555,122065.37469
2556,122065.37469
2557,122065.37469
2558,138473.60293
2559,200117.28024
2560,200117.28024
2561,200117.28024
2562,200117.28024
2563,200117.28024
2564,200117.28024
2565,200117.28024
2566,200117.28024
2567,200117.28024
2568,200117.28024
2569,200117.28024
2570,136835.66786
2571,200117.28024
2572,136835.66786
2573,200117.28024
2574,200117.28024
2575,93609.675884
2576,93609.675884
2577,93609.675884
2578,93609.675884
2579,93609.675884
2580,93609.675884
2581,93609.675884
2582,93609.675884
2583,200117.28024
2584,152351.80112
2585,152351.80112
2586,152351.80112
2587,152351.80112
2588,152351.80112
2589,152351.80112
2590,234088.69485
2591,234088.69485
2592,234088.69485
2593,234088.69485
2594,234088.69485
2595,234088.69485
2596,234088.69485
2597,234088.69485
2598,234088.69485
2599,234088.69485
2600,152351.80112
2601,152351.80112
2602,96232.483473
2603,96232.483473
2604,96232.483473
2605,96232.483473
2606,152351.80112
2607,152351.80112
2608,152351.80112
2609,152351.80112
2610,152351.80112
2611,152351.80112
2612,152351.80112
2613,152351.80112
2614,152351.80112
2615,142635.06814
2616,142635.06814
2617,142635.06814
2618,142635.06814
2619,142635.06814
2620,190194.64968
2621,190194.64968
2622,190194.64968
2623,190194.64968
2624,190194.64968
2625,292285.39475
2626,190194.64968
2627,292285.39475
2628,292285.39475
2629,292285.39475
2630,292285.39475
2631,292285.39475
2632,292285.39475
2633,292285.39475
2634,292285.39475
2635,185462.66425
2636,185462.66425
2637,185462.66425
2638,218927.40561
2639,185462.66425
2640,185462.66425
2641,142635.06814
2642,142635.06814
2643,103555.65011
2644,103555.65011
2645,103555.65011
2646,103555.65011
2647,103555.65011
2648,142411.69282
2649,142635.06814
2650,142411.69282
2651,142411.69282
2652,302371.38263
2653,302371.38263
2654,302371.38263
2655,302371.38263
2656,302371.38263
2657,302371.38263
2658,302371.38263
2659,302371.38263
2660,302371.38263
2661,302371.38263
2662,302371.38263
2663,302371.38263
2664,302371.38263
2665,302371.38263
2666,302371.38263
2667,190194.64968
2668,190194.64968
2669,190194.64968
2670,190194.64968
2671,190194.64968
2672,192801.34128
2673,192801.34128
2674,192801.34128
2675,192801.34128
2676,190194.64968
2677,190194.64968
2678,190194.64968
2679,319975.63297
2680,319975.63297
2681,319975.63297
2682,319975.63297
2683,319975.63297
2684,319975.63297
2685,319975.63297
2686,218927.40561
2687,218927.40561
2688,218927.40561
2689,218927.40561
2690,218927.40561
2691,218927.40561
2692,178204.91241
2693,178204.91241
2694,178204.91241
2695,178204.91241
2696,178204.91241
2697,178204.91241
2698,178204.91241
2699,178204.91241
2700,178204.91241
2701,178204.91241
2702,134789.22684
2703,134789.22684
2704,134789.22684
2705,134789.22684
2706,134789.22684
2707,134789.22684
2708,134789.22684
2709,134789.22684
2710,134789.22684
2711,229618.81091
2712,319975.63297
2713,218927.40561
2714,218927.40561
2715,218927.40561
2716,218927.40561
2717,218927.40561
2718,218927.40561
2719,185462.66425
2720,185462.66425
2721,142635.06814
2722,142635.06814
2723,142635.06814
2724,142635.06814
2725,142635.06814
2726,142635.06814
2727,142635.06814
2728,142635.06814
2729,142635.06814
2730,142635.06814
2731,142635.06814
2732,142635.06814
2733,142635.06814
2734,142635.06814
2735,142635.06814
2736,142635.06814
2737,142635.06814
2738,142635.06814
2739,142635.06814
2740,142635.06814
2741,142635.06814
2742,142635.06814
2743,142635.06814
2744,142635.06814
2745,142635.06814
2746,142635.06814
2747,142635.06814
2748,142635.06814
2749,142635.06814
2750,142635.06814
2751,142635.06814
2752,142635.06814
2753,142635.06814
2754,121038.57954
2755,142635.06814
2756,121038.57954
2757,142635.06814
2758,121038.57954
2759,121038.57954
2760,121038.57954
2761,142635.06814
2762,142635.06814
2763,142635.06814
2764,142635.06814
2765,142635.06814
2766,142635.06814
2767,142635.06814
2768,142635.06814
2769,142635.06814
2770,142635.06814
2771,142635.06814
2772,142635.06814
2773,121038.57954
2774,121038.57954
2775,121038.57954
2776,121038.57954
2777,121038.57954
2778,121038.57954
2779,121038.57954
2780,121038.57954
2781,121038.57954
2782,121038.57954
2783,121038.57954
2784,121038.57954
2785,121038.57954
2786,121038.57954
2787,121038.57954
2788,121038.57954
2789,121038.57954
2790,121038.57954
2791,121038.57954
2792,93609.675884
2793,118151.96399
2794,118151.96399
2795,118151.96399
2796,118151.96399
2797,121038.57954
2798,93609.675884
2799,93609.675884
2800,93609.675884
2801,93609.675884
2802,134789.22684
2803,134789.22684
2804,134789.22684
2805,122065.37469
2806,138473.60293
2807,138473.60293
2808,134789.22684
2809,134789.22684
2810,134789.22684
2811,134789.22684
2812,134789.22684
2813,134789.22684
2814,134789.22684
2815,134789.22684
2816,206881.21867
2817,206881.21867
2818,134789.22684
2819,206881.21867
2820,122065.37469
2821,122065.37469
2822,122065.37469
2823,122065.37469
2824,122065.37469
2825,122065.37469
2826,122065.37469
2827,122065.37469
2828,178204.91241
2829,178204.91241
2830,191691.25459
2831,191691.25459
2832,191691.25459
2833,191691.25459
2834,191691.25459
2835,191691.25459
2836,191691.25459
2837,206881.21867
2838,191691.25459
2839,191691.25459
2840,191691.25459
2841,191691.25459
2842,191691.25459
2843,191691.25459
2844,191691.25459
2845,191691.25459
2846,191691.25459
2847,191691.25459
2848,191691.25459
2849,191691.25459
2850,191691.25459
2851,191691.25459
2852,191691.25459
2853,191691.25459
2854,191691.25459
2855,191691.25459
2856,191691.25459
2857,191691.25459
2858,191691.25459
2859,122065.37469
2860,122065.37469
2861,122065.37469
2862,122065.37469
2863,122065.37469
2864,122065.37469
2865,122065.37469
2866,122065.37469
2867,122065.37469
2868,122065.37469
2869,122065.37469
2870,122065.37469
2871,122065.37469
2872,122065.37469
2873,122065.37469
2874,138473.60293
2875,138473.60293
2876,138473.60293
2877,138473.60293
2878,200117.28024
2879,138473.60293
2880,138473.60293
2881,200117.28024
2882,200117.28024
2883,200117.28024
2884,200117.28024
2885,200117.28024
2886,200117.28024
2887,93609.675884
2888,93609.675884
2889,93609.675884
2890,93609.675884
2891,93609.675884
2892,93609.675884
2893,93609.675884
2894,93609.675884
2895,200117.28024
2896,200117.28024
2897,152351.80112
2898,152351.80112
2899,152351.80112
2900,152351.80112
2901,234088.69485
2902,234088.69485
2903,234088.69485
2904,234088.69485
2905,152351.80112
2906,152351.80112
2907,96232.483473
2908,152351.80112
2909,152351.80112
2910,96232.483473
2911,96232.483473
2912,152351.80112
2913,96232.483473
2914,96232.483473
2915,96232.483473
2916,96232.483473
2917,152351.80112
2918,152351.80112
2919,152351.80112
