Bacteria,Temperature,Ocean,Season,Oxygen
203.6359266,55.62840835,Pacific,Winter,12.86930625
174.1385404,40.66406752,Pacific,Winter,13.72256658
155.3954218,45.29037721,Pacific,Winter,9.636841352
182.6866416,53.59203308,Pacific,Winter,11.56411612
162.8007003,45.48495315,Pacific,Winter,10.20461808
167.687122,50.12735754,Pacific,Winter,9.301497305
185.0945745,54.42395291,Pacific,Winter,10.67954979
161.0099647,42.62279065,Pacific,Winter,11.81369896
171.7906872,54.03095411,Pacific,Winter,9.395927866
176.2657511,47.47039399,Pacific,Winter,11.58729594
189.6498522,53.92845342,Pacific,Winter,11.78733235
177.188599,52.83696819,Pacific,Winter,10.06474164
131.502762,46.90479175,Pacific,Winter,5.361848787
160.4412114,43.54708356,Pacific,Winter,11.35281375
184.1677584,61.2210002,Pacific,Winter,9.698631888
166.0141649,55.20205089,Pacific,Winter,7.502433412
156.5880916,50.91809398,Pacific,Winter,8.489435573
135.0508789,45.21026648,Pacific,Winter,5.155578195
185.0431784,51.7170285,Pacific,Winter,11.67213354
172.0749674,53.18338408,Pacific,Winter,9.428518217
193.1121327,58.07382613,Pacific,Winter,10.84997709
156.0073729,49.90892571,Pacific,Winter,8.244545999
176.5289708,50.70653786,Pacific,Winter,11.8886459
151.1777992,45.87274923,Pacific,Winter,8.154012796
175.3021076,58.89137738,Pacific,Winter,7.417196089
170.6685365,48.22827377,Pacific,Winter,10.37627287
194.8410247,49.92947879,Pacific,Winter,12.81681222
166.5626805,42.46469788,Pacific,Winter,11.32614668
145.9753407,48.16289661,Pacific,Winter,6.107451199
190.4424994,46.11353982,Pacific,Winter,13.38273666
158.9741213,46.25892266,Pacific,Winter,9.878463068
140.2985799,51.14807119,Pacific,Winter,5.545660805
161.5142289,47.69742694,Pacific,Winter,9.208014382
179.4799865,55.36003238,Pacific,Winter,9.082096164
135.0976349,40.50465206,Pacific,Winter,7.25535919
168.1854261,57.55947411,Pacific,Winter,8.549847136
183.4254723,66.656359,Pacific,Winter,6.388564275
159.7607849,48.11277369,Pacific,Winter,9.076636053
197.4762591,54.76876359,Pacific,Winter,12.49599984
162.4961525,45.17481932,Pacific,Winter,9.927476037
202.1229669,54.58459635,Pacific,Winter,12.33646802
167.6420649,57.56349671,Pacific,Winter,7.814891795
177.5287114,57.45098052,Pacific,Winter,9.15514529
152.8446686,47.35260713,Pacific,Winter,8.77296703
168.7722055,53.49195685,Pacific,Winter,8.82134354
177.2206755,48.02968954,Pacific,Winter,11.38886016
182.715924,51.07467395,Pacific,Winter,11.40041841
135.9154359,45.75777404,Pacific,Winter,6.103705928
205.8759029,63.56230022,Pacific,Winter,10.03938742
191.1365397,47.96445863,Pacific,Winter,13.28372105
179.0624999,47.95357692,Pacific,Winter,12.37696777
214.2499727,55.80257518,Pacific,Winter,13.50543004
177.6535886,52.6403031,Pacific,Winter,10.62449997
194.9919218,54.97098181,Pacific,Winter,11.04751848
195.0757485,47.11261338,Pacific,Winter,13.0858045
166.2110608,48.10278006,Pacific,Winter,10.11875313
185.8089228,48.34199917,Pacific,Winter,12.61830325
190.316135,58.25955806,Pacific,Winter,10.30545533
160.6260287,50.98980499,Pacific,Winter,8.33347272
176.050145,54.97280064,Pacific,Winter,8.469633052
188.6489338,56.61217363,Pacific,Winter,10.34907161
155.3150247,56.15423492,Pacific,Winter,5.59058217
130.8695831,37.65386527,Pacific,Winter,7.2392119
183.5114612,54.92631796,Pacific,Winter,10.08086506
185.5790716,52.14796744,Pacific,Winter,10.95460799
204.2648921,54.86824737,Pacific,Winter,13.0985659
179.2703308,54.98200208,Pacific,Winter,10.47967047
152.5685055,47.82659548,Pacific,Winter,7.764474281
165.7146328,53.81960748,Pacific,Winter,9.415110226
178.2365977,51.93275142,Pacific,Winter,10.18987582
215.331567,63.04609552,Pacific,Spring,11.36438568
202.6092143,56.84499115,Pacific,Spring,12.49010121
194.150518,58.67607005,Pacific,Spring,10.38541214
219.3654811,67.44459897,Pacific,Spring,12.12612245
194.4468305,53.15964397,Pacific,Spring,11.62765509
184.1693804,60.72937561,Pacific,Spring,9.033862997
220.6523308,67.36633199,Pacific,Spring,11.30780937
181.625745,59.15601737,Pacific,Spring,8.678895729
203.1778348,66.06264693,Pacific,Spring,10.57735919
165.6139338,46.97129225,Pacific,Spring,10.12658429
187.4863856,66.09041615,Pacific,Spring,7.710021052
209.3523817,67.98730185,Pacific,Spring,9.806145784
174.2329788,48.98574404,Pacific,Spring,11.17852599
187.4125424,64.68053123,Pacific,Spring,8.639620877
185.9959657,58.7365438,Pacific,Spring,9.637803127
143.023051,53.46608867,Pacific,Spring,5.871180641
210.5778568,65.32329664,Pacific,Spring,11.12525026
171.7023034,58.23719857,Pacific,Spring,6.589553053
187.8607617,61.7184466,Pacific,Spring,8.900662509
157.8266978,54.81440579,Pacific,Spring,5.886238494
214.6720267,55.54743795,Pacific,Spring,13.64021715
247.6623552,68.19903986,Pacific,Spring,14.08672596
178.7240749,56.0889867,Pacific,Spring,9.638483277
209.3856562,65.84425568,Pacific,Spring,10.64279209
226.8779245,64.77158845,Pacific,Spring,13.76277873
171.3356085,48.07275567,Pacific,Spring,11.05060086
214.6214113,67.45429358,Pacific,Spring,11.05122958
179.5342711,56.09067592,Pacific,Spring,10.29861657
195.1929756,63.78730615,Pacific,Spring,10.40360255
183.2555204,63.58389813,Pacific,Spring,7.249875654
202.6580783,63.39131101,Pacific,Spring,10.7973537
192.5041074,57.47308811,Pacific,Spring,11.20604437
175.3969255,53.36135672,Pacific,Spring,9.673382009
212.3404197,69.54881883,Pacific,Spring,10.54553577
171.8921869,60.06677478,Pacific,Spring,5.05291838
162.0222497,55.7163836,Pacific,Spring,6.67674756
212.7804762,61.67819355,Pacific,Spring,11.98406231
187.0489401,59.86943598,Pacific,Spring,9.788770071
170.9363074,53.635157,Pacific,Spring,7.956703243
207.8328166,66.72406557,Pacific,Spring,11.1184643
187.3916511,56.1569087,Pacific,Spring,10.61662238
184.7421576,59.38465982,Pacific,Spring,9.435033213
179.2081979,59.96839951,Pacific,Spring,7.554965309
191.4418844,63.26913379,Pacific,Spring,8.791506936
197.5482044,64.71231529,Pacific,Spring,9.93787971
171.5808107,57.37868349,Pacific,Spring,8.343306669
189.9179988,54.26687653,Pacific,Spring,12.20100381
198.5528728,64.95130067,Pacific,Spring,9.771955033
229.5742804,68.14323203,Pacific,Spring,12.82155323
204.0598624,58.74360498,Pacific,Spring,12.13863434
213.4735189,67.32259367,Pacific,Spring,10.94930783
195.0706662,61.23220075,Pacific,Spring,10.78677733
240.8100856,64.38107172,Pacific,Spring,15.0962408
207.3385465,62.72189489,Pacific,Spring,11.64971567
211.6711002,64.04865517,Pacific,Spring,11.71941133
210.2649217,59.32658037,Pacific,Spring,12.47969969
211.4836355,65.33559786,Pacific,Spring,10.95739001
188.6325868,66.30228374,Pacific,Spring,7.99135098
202.5190434,62.26885192,Pacific,Spring,10.76678847
183.6078014,61.79207598,Pacific,Spring,8.881383882
206.5748838,66.18640795,Pacific,Spring,10.81192497
191.4203121,63.72010002,Pacific,Spring,9.061864458
200.2925756,66.37952764,Pacific,Spring,10.76488017
156.6832615,46.40321001,Pacific,Spring,9.41001428
166.810609,50.5157876,Pacific,Spring,9.17249453
181.3702409,54.30632265,Pacific,Spring,9.122653181
189.5478323,60.30373762,Pacific,Spring,9.982747817
215.403587,58.86822656,Pacific,Spring,13.44346264
180.2368202,58.37963347,Pacific,Spring,8.376350491
197.3341269,65.00101938,Pacific,Spring,10.4017338
217.7463445,63.87374449,Pacific,Spring,11.67513485
209.9185658,61.21147061,Pacific,Spring,12.53875498
189.26001,66.76840036,Pacific,Spring,6.661932772
192.2814106,55.22737744,Pacific,Spring,12.60016787
182.7519725,59.06393818,Pacific,Spring,8.659103469
191.4793771,62.41878159,Pacific,Spring,8.956084892
217.6363387,63.99019707,Pacific,Spring,12.56247502
169.5488545,55.10132332,Pacific,Spring,7.032693698
186.3826377,58.32982915,Pacific,Spring,9.960094387
146.3715996,51.58189461,Pacific,Spring,5.401432135
219.6005279,63.28547601,Pacific,Spring,12.39372713
177.6389569,55.14506888,Pacific,Spring,9.29812876
210.1643748,62.70588634,Pacific,Spring,11.36620248
237.3580276,71.34388171,Pacific,Spring,12.5699301
211.9827399,60.44048342,Pacific,Spring,12.47356776
194.6436012,61.06599482,Pacific,Spring,9.715589131
198.3749589,65.73537143,Pacific,Spring,9.879086804
187.7776956,60.91638802,Pacific,Spring,9.944420687
173.4823049,51.13931261,Pacific,Spring,10.017065
201.2581297,56.08309089,Pacific,Spring,12.24402577
243.2525173,61.02379184,Pacific,Spring,14.49793859
224.2021752,58.77030918,Pacific,Spring,14.47324639
182.7973832,57.48213438,Pacific,Summer,9.294065413
198.7289585,63.36525942,Pacific,Summer,10.50677587
211.0398846,71.26654146,Pacific,Summer,10.11917883
184.0268198,61.76049429,Pacific,Summer,7.246066115
197.0470309,57.74589898,Pacific,Summer,10.3985622
218.5826377,74.72678794,Pacific,Summer,9.442652272
215.0941626,62.10825854,Pacific,Summer,12.47110617
178.4169852,60.55339846,Pacific,Summer,8.059746799
212.179959,71.26435426,Pacific,Summer,9.387075327
183.0194213,55.9287865,Pacific,Summer,10.28318542
209.5337051,72.75831,Pacific,Summer,8.568655692
214.8792833,69.6463279,Pacific,Summer,11.03172131
205.3602713,71.34636361,Pacific,Summer,8.227736126
210.1700893,74.08531668,Pacific,Summer,8.98571702
208.734999,63.07012012,Pacific,Summer,11.9238464
226.8823352,70.08971948,Pacific,Summer,11.77878187
172.6943417,60.36672788,Pacific,Summer,7.056864538
173.4907778,56.30640211,Pacific,Summer,8.863969329
188.5026204,64.01921547,Pacific,Summer,7.814859769
220.8282094,68.05831673,Pacific,Summer,11.35673657
211.3690124,58.16140493,Pacific,Summer,13.43978373
206.4868975,74.29776941,Pacific,Summer,8.202513908
215.3325353,65.49118018,Pacific,Summer,11.87949025
195.8766616,67.11853171,Pacific,Summer,8.92120973
179.0007412,64.46014536,Pacific,Summer,7.812794611
200.2942169,66.9588114,Pacific,Summer,9.888225754
220.6200837,64.69223989,Pacific,Summer,12.1686927
208.0324678,65.69407178,Pacific,Summer,10.89079781
172.0052847,60.29061405,Pacific,Summer,7.322403728
168.1420378,60.34933297,Pacific,Summer,5.952835312
231.8349258,69.96648213,Pacific,Summer,12.59085533
229.1681437,67.39256448,Pacific,Summer,13.5694651
178.0550196,58.14497941,Pacific,Summer,8.113313436
206.4198352,68.85487011,Pacific,Summer,9.929559461
214.9098606,70.03924798,Pacific,Summer,10.26420129
216.7806791,68.17091596,Pacific,Summer,11.73629631
210.3678594,67.01947033,Pacific,Summer,10.3254024
185.9065778,64.90375434,Pacific,Summer,9.461974411
222.8583978,62.7543964,Pacific,Summer,13.10130341
191.2494437,62.874937,Pacific,Summer,10.25311364
192.5249913,65.06710086,Pacific,Summer,8.959318496
227.9084549,70.38118035,Pacific,Summer,11.58522891
199.0310211,58.49040126,Pacific,Summer,11.78966735
206.3008024,64.66257366,Pacific,Summer,10.94908268
195.5011432,67.56249055,Pacific,Summer,8.412552716
219.8087424,75.29098347,Pacific,Summer,9.712536846
227.3757485,69.37352443,Pacific,Summer,12.86909178
183.3442026,61.96666538,Pacific,Summer,7.714928707
181.986353,58.20060856,Pacific,Summer,9.159438674
176.8899567,61.5054424,Pacific,Summer,9.506727172
196.2923812,64.2409749,Pacific,Summer,9.442289831
195.5633553,65.62925186,Pacific,Summer,9.563034093
194.3142498,65.55040272,Pacific,Summer,8.990549532
202.3841553,67.91357601,Pacific,Summer,9.780204072
237.810422,72.6708375,Pacific,Summer,12.7793775
198.0599719,61.95896692,Pacific,Summer,9.905281775
212.5130379,69.97541877,Pacific,Summer,10.29646683
198.5421886,64.55737275,Pacific,Summer,9.700543559
179.4256482,61.91876028,Pacific,Summer,7.648667311
193.6569143,62.02226907,Pacific,Summer,9.860522049
189.5463039,62.38331869,Pacific,Summer,9.996921689
181.0771393,51.9681632,Pacific,Summer,11.31958553
225.846128,67.03702031,Pacific,Summer,12.40961244
194.4556675,62.85430095,Pacific,Summer,10.76603814
227.9002273,72.4339484,Pacific,Summer,12.19546279
203.1293909,55.77620684,Pacific,Summer,12.46965898
189.28371,60.7543202,Pacific,Summer,9.954889846
178.9977279,60.02832958,Pacific,Summer,8.53139007
196.0768774,60.5321573,Pacific,Summer,10.41620006
177.318068,55.52210465,Pacific,Fall,9.024553226
196.9646445,61.66081558,Pacific,Fall,10.23277846
159.9004704,56.6600726,Pacific,Fall,7.358036639
197.5611708,66.06796693,Pacific,Fall,9.870499568
215.3562887,75.68179364,Pacific,Fall,9.191369675
204.916242,52.85708061,Pacific,Fall,13.38310261
191.9730226,54.19164147,Pacific,Fall,12.18014023
171.9776484,59.79579503,Pacific,Fall,7.940523036
206.4969841,57.03183929,Pacific,Fall,13.13747213
170.7335883,54.69577001,Pacific,Fall,8.344390627
177.6770403,55.32106973,Pacific,Fall,10.47643626
207.1396114,63.30612823,Pacific,Fall,10.85620438
187.0631521,60.88931545,Pacific,Fall,8.792472492
206.3596879,54.93063982,Pacific,Fall,11.82911199
222.9833167,62.33492661,Pacific,Fall,13.24309164
208.238519,70.28797632,Pacific,Fall,10.19527767
181.8680409,54.68725873,Pacific,Fall,10.35704294
179.0377767,47.82507002,Pacific,Fall,12.07435936
170.6346092,60.2168437,Pacific,Fall,7.675692825
182.2695744,50.47747036,Pacific,Fall,10.23185149
187.7405136,59.07567958,Pacific,Fall,9.890980006
172.6000487,61.37125284,Pacific,Fall,7.569723416
167.7913022,57.7180011,Pacific,Fall,6.151653357
161.8420049,48.60231717,Pacific,Fall,9.857485812
197.7511204,62.57014741,Pacific,Fall,10.99683553
209.3058761,68.03501339,Pacific,Fall,9.920166975
167.5386765,54.94880844,Pacific,Fall,6.809542294
192.6837138,57.64006121,Pacific,Fall,11.04321833
192.974199,62.42726853,Pacific,Fall,8.703762852
198.5195158,54.4521745,Pacific,Fall,12.66226188
215.227135,59.13460294,Pacific,Fall,12.53714919
167.9460839,58.23481689,Pacific,Fall,8.104419353
216.5096012,62.0387368,Pacific,Fall,12.38919954
194.8386718,66.83832039,Pacific,Fall,9.128719869
171.1301115,61.08242096,Pacific,Fall,5.363946066
205.1369256,58.69694271,Pacific,Fall,12.08293448
202.3289725,61.12999597,Pacific,Fall,10.76499363
176.0983684,60.94896807,Pacific,Fall,7.593862721
178.186619,57.66944615,Pacific,Fall,8.875237845
227.2739355,62.65504673,Pacific,Fall,13.82205862
186.8581861,60.48558527,Pacific,Fall,10.11780249
179.3989526,59.2877659,Pacific,Fall,8.031689329
185.3860767,59.55134499,Pacific,Fall,9.218697205
198.2435108,62.17548739,Pacific,Fall,10.19757247
176.3494402,68.11129714,Pacific,Fall,5.521091076
184.5328544,60.26056163,Pacific,Fall,10.32750646
209.6288515,64.00891774,Pacific,Fall,12.34518889
196.2006727,55.21166532,Pacific,Fall,11.40679631
201.0855249,62.18368925,Pacific,Fall,10.2884431
208.4253175,67.58102956,Pacific,Fall,10.41367646
206.8172907,59.90944249,Pacific,Fall,12.0431131
138.6881249,41.95431323,Indian,Winter,8.005972118
172.5229565,47.99365567,Indian,Winter,11.08317023
158.7021512,53.65862974,Indian,Winter,7.482261709
158.4763812,47.62065092,Indian,Winter,9.26464723
195.4921545,51.76384506,Indian,Winter,13.00333946
156.8310053,48.49984969,Indian,Winter,9.023257914
193.9218968,56.18507359,Indian,Winter,12.33780417
155.9205991,46.97268212,Indian,Winter,9.412433837
191.333319,46.76983166,Indian,Winter,12.81575219
203.8620674,51.91440189,Indian,Winter,13.34283608
185.4644311,49.27765823,Indian,Winter,11.11910188
159.0826898,53.81041769,Indian,Winter,6.895003224
156.1087967,43.23473921,Indian,Winter,9.964393251
163.1295706,44.99465933,Indian,Winter,9.894233626
180.7863444,57.07960575,Indian,Winter,9.666798335
143.3662553,42.33583818,Indian,Winter,7.932706885
187.5588907,51.9404506,Indian,Winter,12.13600147
163.9322551,51.99205428,Indian,Winter,8.373296921
175.2020266,51.33695769,Indian,Winter,9.354647424
199.9367295,49.35801308,Indian,Winter,13.26366301
169.3537856,49.32898718,Indian,Winter,10.73533218
170.5656358,46.06132173,Indian,Winter,10.98678876
189.9766719,56.33968166,Indian,Winter,11.43017603
173.4280111,47.33628064,Indian,Winter,10.96173169
158.7078757,46.79306773,Indian,Winter,9.070210478
168.1955826,52.95036476,Indian,Winter,9.001786774
206.9720948,54.09302688,Indian,Winter,14.34765212
181.6719949,52.43320158,Indian,Winter,10.64325601
155.7138618,50.61703389,Indian,Winter,7.99691778
187.7569301,52.48922625,Indian,Winter,11.57823993
189.3314296,47.04396079,Indian,Winter,13.60550627
169.1584919,55.5570692,Indian,Winter,8.339930561
187.1942784,57.1202426,Indian,Winter,9.998011033
162.4714517,44.76566603,Indian,Winter,10.10824216
194.713807,50.24278928,Indian,Winter,12.02085365
169.7957323,52.69767869,Indian,Winter,9.469367693
171.5029646,51.40877043,Indian,Winter,9.397127933
172.7755165,49.71475341,Indian,Winter,9.810025249
165.2577234,52.9856206,Indian,Winter,8.795487027
160.8597696,46.20361003,Indian,Winter,9.718757124
180.344048,51.45559417,Indian,Winter,11.66049255
146.9429495,44.77709184,Indian,Winter,7.298088634
155.1700316,45.55247244,Indian,Winter,9.241971553
156.9207882,44.88436028,Indian,Winter,9.402750008
165.5362686,53.18216198,Indian,Winter,9.102071013
146.2384469,46.83074305,Indian,Winter,7.380795035
163.7851058,55.80488032,Indian,Winter,6.815466248
171.7415004,46.68823552,Indian,Winter,10.77072537
151.6242401,47.23466975,Indian,Winter,8.486101373
143.7202851,46.49256154,Indian,Winter,6.573563162
155.0428249,53.11869926,Indian,Winter,7.493243858
138.4212525,42.29204826,Indian,Winter,8.128426326
193.2465182,47.47190978,Indian,Winter,14.17452715
207.2706498,51.57401358,Indian,Winter,13.90877362
203.2487325,60.3898662,Indian,Winter,11.46943511
164.8276542,46.82788774,Indian,Winter,9.705679743
159.5963402,50.47678226,Indian,Winter,8.091267432
175.3755066,51.26161361,Indian,Winter,10.54620945
170.7172624,52.35676629,Indian,Winter,9.949072185
186.617353,53.71487586,Indian,Winter,11.68236479
189.282839,52.54787282,Indian,Winter,12.06268452
146.7236495,41.48083789,Indian,Winter,8.965304084
167.9095304,55.38662961,Indian,Winter,8.2482678
160.0856571,42.04522975,Indian,Winter,11.13237278
147.8255737,44.43399398,Indian,Winter,8.640041453
159.2266657,49.6491174,Indian,Winter,7.869502529
162.8103727,49.51471774,Indian,Winter,8.480286421
182.6632141,60.08465903,Indian,Winter,8.528053204
183.4783654,51.56675548,Indian,Winter,11.0501802
197.2033115,50.21517401,Indian,Winter,13.78056066
193.6569927,72.38622977,Indian,Spring,7.720408267
187.6667301,59.38200718,Indian,Spring,9.269574762
179.0517152,58.53994511,Indian,Spring,8.667899174
195.7389524,61.33056204,Indian,Spring,10.76860716
199.2219627,59.83493655,Indian,Spring,11.07097746
204.6360982,67.7049816,Indian,Spring,10.36415374
200.0307159,66.83659481,Indian,Spring,9.063810747
178.3986911,52.41128007,Indian,Spring,10.68276694
175.213562,52.2136765,Indian,Spring,9.853700126
222.1853405,67.56738731,Indian,Spring,12.6396287
186.4379798,62.86446419,Indian,Spring,7.833047658
206.6153796,64.76158422,Indian,Spring,10.42792027
186.0175002,65.3401741,Indian,Spring,7.857944253
221.1158804,61.92285004,Indian,Spring,12.88453704
191.7386896,60.92683631,Indian,Spring,10.00471976
203.9292618,55.80384945,Indian,Spring,12.5970402
192.5474277,60.89161002,Indian,Spring,10.21993126
212.0367997,61.15089209,Indian,Spring,11.84066374
184.1064087,64.22785509,Indian,Spring,7.46523532
181.9590746,54.84231474,Indian,Spring,10.9540011
202.1764123,64.45006141,Indian,Spring,10.85883487
172.9964161,52.5167813,Indian,Spring,9.817219018
200.6985318,57.70679686,Indian,Spring,12.18668713
181.2052895,61.40646155,Indian,Spring,6.347098507
203.8661283,61.61709682,Indian,Spring,11.04444692
203.4672184,68.59224353,Indian,Spring,9.380219151
194.2920993,60.46393403,Indian,Spring,11.46833757
205.6646504,65.66294473,Indian,Spring,9.611949971
175.3562336,57.13062173,Indian,Spring,8.553676747
180.236772,55.25652871,Indian,Spring,10.12725515
183.1845791,54.26386736,Indian,Spring,10.54505161
201.1184553,66.51181244,Indian,Spring,11.13496986
193.8643557,53.12718603,Indian,Spring,11.74363975
188.5310175,60.48519618,Indian,Spring,9.249747714
188.3762771,65.7510261,Indian,Spring,7.851516183
185.3622218,62.17852263,Indian,Spring,8.841178661
202.2094159,55.44452768,Indian,Spring,12.92487999
166.5040066,54.94960731,Indian,Spring,7.324525077
207.9943555,75.34893708,Indian,Spring,8.618127611
180.5929418,61.38300341,Indian,Spring,7.569911987
219.4797071,57.42112801,Indian,Spring,14.04949473
193.5550494,65.74500079,Indian,Spring,6.076615015
203.4669872,59.16489521,Indian,Spring,11.47649172
206.8168356,71.76516568,Indian,Spring,9.501769781
159.0880764,54.36651855,Indian,Spring,7.207982263
185.3183668,56.17956722,Indian,Spring,10.00915565
176.6937673,52.28335954,Indian,Spring,10.11202558
194.7885362,62.96584874,Indian,Spring,9.330205913
173.0253453,55.46358173,Indian,Spring,9.371373421
177.80166,57.40623999,Indian,Spring,9.89195059
229.2262197,65.62005822,Indian,Spring,13.80627867
214.7500173,58.83684598,Indian,Spring,13.48590655
172.0038758,52.8133593,Indian,Spring,9.629050399
186.1376107,63.8610711,Indian,Spring,8.401110251
188.256785,60.96805184,Indian,Spring,9.416099266
230.313994,70.15726297,Indian,Spring,13.23115568
184.120533,62.05768995,Indian,Spring,6.726288469
214.3237272,62.12488056,Indian,Spring,12.94198369
183.3307638,57.52617122,Indian,Spring,10.37519263
249.4137637,62.517966,Indian,Spring,16.19004728
190.9862419,60.73831714,Indian,Spring,9.281944325
196.410326,64.97721013,Indian,Spring,8.870935779
188.0974848,57.49614426,Indian,Spring,10.59804688
184.3065498,55.08684866,Indian,Spring,10.34778199
199.3609336,66.60449504,Indian,Spring,9.196134477
190.9389236,55.29663541,Indian,Spring,11.35141525
183.5387467,61.97983076,Indian,Spring,9.008776809
194.2958791,63.07463947,Indian,Spring,10.27895155
227.053603,63.06709219,Indian,Spring,13.84330603
220.0573632,62.85515169,Indian,Spring,12.77457993
223.836238,56.3058306,Indian,Spring,14.94636176
208.6497097,64.70898858,Indian,Spring,10.18132815
177.247358,51.66283197,Indian,Spring,10.56831117
197.1892825,56.99713089,Indian,Spring,11.94962168
192.5139807,59.52236999,Indian,Spring,11.19663663
210.1015905,69.3711532,Indian,Spring,10.64475096
214.2451069,62.54525176,Indian,Spring,11.08236741
214.2424658,62.92589136,Indian,Spring,12.70141463
220.6283484,67.06294769,Indian,Spring,11.26721369
205.1498816,57.04911658,Indian,Spring,12.12300986
217.4490519,58.81604076,Indian,Spring,14.15254858
187.1523729,54.73549322,Indian,Spring,10.45500623
203.1526282,70.40362744,Indian,Spring,8.359234711
208.9013259,66.50344528,Indian,Spring,10.54552738
143.0507534,46.62577669,Indian,Spring,8.197706346
201.0799767,61.894607,Indian,Spring,10.35919296
191.8472572,66.06964866,Indian,Spring,8.300642715
196.8232301,60.4072791,Indian,Spring,11.16691801
226.3933042,61.73991453,Indian,Spring,14.03049085
163.8354097,58.18158255,Indian,Spring,7.600929727
213.1812792,61.80381511,Indian,Spring,12.31166217
155.9318591,54.80842984,Indian,Spring,7.450992166
183.2302625,60.72861839,Indian,Summer,8.481627046
204.4893112,61.01615471,Indian,Summer,11.41145345
213.1053834,69.01935679,Indian,Summer,11.52352446
167.4435609,58.75460975,Indian,Summer,7.87642898
185.0591671,69.40109393,Indian,Summer,6.40179525
191.5889774,61.74681879,Indian,Summer,8.295392627
207.3453245,68.21406996,Indian,Summer,10.05089065
199.7944516,61.04033762,Indian,Summer,11.19610799
229.8724402,68.92665626,Indian,Summer,12.55223228
198.5613366,57.76052698,Indian,Summer,11.28460551
237.3170544,69.08720349,Indian,Summer,13.87438214
186.8312792,58.3214835,Indian,Summer,9.943394813
198.9474305,63.93840385,Indian,Summer,9.636061596
192.7647276,65.4023476,Indian,Summer,8.143544923
197.6879298,57.14625092,Indian,Summer,11.53996418
218.1472089,71.38383126,Indian,Summer,10.86486978
289.1153648,77.73077588,Indian,Summer,16.61404449
186.9695604,58.69645901,Indian,Summer,10.56543308
210.304432,63.59986448,Indian,Summer,11.69029563
210.8647162,62.56413012,Indian,Summer,12.25156939
172.9846974,58.74179603,Indian,Summer,8.510348867
191.8934831,59.37743929,Indian,Summer,11.57786447
219.8204545,73.25806117,Indian,Summer,10.13261179
202.607077,69.40260614,Indian,Summer,8.849801054
176.7599911,63.80200801,Indian,Summer,6.0947552
200.890406,61.02659057,Indian,Summer,11.81155052
190.7092842,58.09919836,Indian,Summer,9.786541839
195.9487332,65.72301759,Indian,Summer,7.956383793
204.4280173,64.75842405,Indian,Summer,10.34433862
182.4496274,61.96653099,Indian,Summer,8.997237383
178.8089273,57.18629738,Indian,Summer,8.34488613
219.940459,61.67719644,Indian,Summer,12.97813773
197.6677694,63.75196455,Indian,Summer,10.03183652
166.2581041,60.73131471,Indian,Summer,5.93984211
182.5524725,63.60506684,Indian,Summer,7.767974976
187.3049507,69.67721746,Indian,Summer,7.041417415
177.9644829,58.75709642,Indian,Summer,8.314140498
206.0680154,68.35619217,Indian,Summer,10.12011981
198.3191583,61.16532067,Indian,Summer,10.22614246
186.2341173,64.79331662,Indian,Summer,7.021945751
213.9770734,60.20473816,Indian,Summer,13.15852916
201.3075725,65.92386959,Indian,Summer,10.59402826
189.8127045,61.25087533,Indian,Summer,9.788617749
207.551222,66.73315274,Indian,Summer,11.02430441
164.7214798,58.28167404,Indian,Summer,6.609215806
196.9747471,62.84948016,Indian,Summer,10.75366143
197.319201,63.61653585,Indian,Summer,10.14031077
204.8673693,63.28758675,Indian,Summer,9.918543669
188.7559055,60.42902312,Indian,Summer,8.98396028
193.9245613,62.50126188,Indian,Summer,8.596087602
215.2942945,63.99031772,Indian,Summer,11.66917552
200.7998704,68.54663457,Indian,Summer,8.761526158
238.6741017,65.51837056,Indian,Summer,14.74894768
193.0896963,72.13900965,Indian,Summer,6.122442851
177.7920105,58.81366703,Indian,Summer,8.430677953
223.8592461,70.75082988,Indian,Summer,11.88814105
180.628953,68.19268682,Indian,Summer,7.344294523
173.1833209,58.19776566,Indian,Summer,8.510132875
213.3122396,60.95480679,Indian,Summer,11.7181732
225.3762044,70.79796774,Indian,Summer,11.97970871
214.0624123,64.15253343,Indian,Summer,12.03671498
198.4039606,66.97129979,Indian,Summer,8.872641883
210.5209519,63.09257406,Indian,Summer,12.67276912
217.1590392,69.41610725,Indian,Summer,11.78031119
217.6945989,71.72191266,Indian,Summer,10.55098468
195.4504365,63.24036653,Indian,Summer,10.4572009
196.4108758,61.09567396,Indian,Summer,10.15422349
192.0957279,60.00065645,Indian,Summer,10.63359529
175.6275739,58.31195373,Indian,Summer,7.885116724
198.4449112,59.51795799,Indian,Fall,10.61485474
189.9924412,60.34760172,Indian,Fall,9.938458691
180.1460949,57.82435038,Indian,Fall,9.021152336
203.8406556,51.38417945,Indian,Fall,13.39840227
215.1110386,65.91016521,Indian,Fall,11.70608233
208.9693055,61.42536224,Indian,Fall,12.47170666
181.6371893,47.17469544,Indian,Fall,12.29065041
169.1919552,57.35669964,Indian,Fall,8.696932319
182.6963585,66.29518577,Indian,Fall,6.613859927
187.127025,53.93343513,Indian,Fall,11.86453025
226.2389621,62.65608733,Indian,Fall,13.27918827
182.1326663,70.93433673,Indian,Fall,5.321015689
204.6759377,68.4950754,Indian,Fall,9.212708241
237.831709,62.87558891,Indian,Fall,15.26134016
199.1721113,60.46870016,Indian,Fall,11.20005647
186.9925871,54.13722823,Indian,Fall,11.24262472
184.1801009,55.78681138,Indian,Fall,10.0827423
197.5206948,52.39718697,Indian,Fall,12.56360516
201.5740665,55.8177971,Indian,Fall,12.06075952
188.3875935,52.44449068,Indian,Fall,11.73895621
199.9117191,49.56779223,Indian,Fall,13.80397598
185.0075655,63.34456038,Indian,Fall,8.781372762
158.9553653,56.98785137,Indian,Fall,6.161732211
193.5087472,55.4278114,Indian,Fall,10.56338153
215.9799826,66.61935842,Indian,Fall,11.46444344
193.2150873,55.4276101,Indian,Fall,11.85121013
194.3708697,63.33850869,Indian,Fall,10.35903208
189.181107,55.05185975,Indian,Fall,10.84039716
213.581325,59.63192297,Indian,Fall,13.36212453
227.4430881,62.25383724,Indian,Fall,14.59593749
187.132818,56.80497376,Indian,Fall,10.24147076
168.4477824,61.68366993,Indian,Fall,6.486083027
195.3040372,63.50049576,Indian,Fall,10.30728783
205.4971473,62.66556765,Indian,Fall,11.33696726
200.7250626,59.94951841,Indian,Fall,11.48355398
203.5367455,62.86200962,Indian,Fall,11.05373982
200.3810565,58.56722064,Indian,Fall,11.85683753
169.6398599,53.48373778,Indian,Fall,7.994848093
221.8101928,70.06902161,Indian,Fall,10.79605426
142.7143936,52.38619492,Indian,Fall,4.34636213
204.3891465,58.40983068,Indian,Fall,12.43325328
200.0271002,66.842996,Indian,Fall,8.490826564
180.3459466,58.12248581,Indian,Fall,8.995627888
189.3167044,67.20877465,Indian,Fall,7.90588366
207.4677366,67.39127136,Indian,Fall,10.58426014
197.2431443,53.47718559,Indian,Fall,12.52492664
220.3625556,69.90138699,Indian,Fall,10.86314922
190.5244384,63.53503764,Indian,Fall,10.15281135
169.9214131,58.7126416,Indian,Fall,7.021802122
182.12927,58.20401866,Indian,Fall,9.512968434
185.4422458,58.68656104,Indian,Fall,9.896239881
134.0968126,44.73312945,Atlantic,Winter,7.64135218
165.9186487,46.82276339,Atlantic,Winter,9.61055704
171.8030989,49.84629523,Atlantic,Winter,10.18275281
141.8402124,41.77306645,Atlantic,Winter,8.039509741
175.4591444,58.61738535,Atlantic,Winter,8.064352991
164.5681383,40.25000632,Atlantic,Winter,11.38832585
182.1457242,51.63352574,Atlantic,Winter,10.9749869
148.9879845,49.43837258,Atlantic,Winter,7.553394175
182.005815,53.09538371,Atlantic,Winter,10.28359124
130.5419803,41.82167396,Atlantic,Winter,6.47776809
184.923966,56.88562198,Atlantic,Winter,9.660527081
164.2013979,49.71623934,Atlantic,Winter,9.21398099
151.5349655,45.75273359,Atlantic,Winter,7.720447886
159.3007675,46.30079716,Atlantic,Winter,9.8211851
167.8627818,51.36476364,Atlantic,Winter,9.649714494
160.8868485,49.54401561,Atlantic,Winter,8.399575169
133.3873135,42.69086339,Atlantic,Winter,5.281773233
180.2591312,54.12758114,Atlantic,Winter,10.48917452
172.7806439,56.66362714,Atlantic,Winter,7.804677761
175.5360026,51.92141685,Atlantic,Winter,10.46136811
166.0641994,48.73345429,Atlantic,Winter,10.18999195
205.1743728,61.66541701,Atlantic,Winter,11.5646345
161.5876381,41.00812107,Atlantic,Winter,10.29239286
189.3302793,48.65152188,Atlantic,Winter,13.15414522
164.7837859,53.59598418,Atlantic,Winter,9.583230328
171.891628,51.0882032,Atlantic,Winter,10.16608237
161.7260615,47.22946354,Atlantic,Winter,9.084625966
185.0373133,56.49269617,Atlantic,Winter,10.85646397
168.9953208,49.8797857,Atlantic,Winter,8.769963626
137.9008624,52.38755655,Atlantic,Winter,4.144341832
197.9089729,52.7855559,Atlantic,Winter,13.04159487
158.1534424,48.74803815,Atlantic,Winter,8.988851392
181.7851537,43.74674088,Atlantic,Winter,13.343549
173.1970219,53.57917576,Atlantic,Winter,9.570828187
180.4231151,45.08783754,Atlantic,Winter,11.87330752
177.4006316,54.23769009,Atlantic,Winter,10.4723346
211.1222366,53.06605203,Atlantic,Winter,14.23097188
192.0296618,42.79704168,Atlantic,Winter,13.75814859
165.3347148,43.65577829,Atlantic,Winter,10.44061579
165.7089832,49.54353021,Atlantic,Winter,9.472406966
174.4151003,46.55150181,Atlantic,Winter,12.20367103
178.796097,53.85496927,Atlantic,Winter,10.22591125
199.194402,55.9514411,Atlantic,Winter,11.47676995
198.0752196,62.41804716,Atlantic,Winter,10.61992994
172.3461777,49.36734194,Atlantic,Winter,10.53705029
164.9254403,48.12248306,Atlantic,Winter,10.03545687
190.9184884,56.97576744,Atlantic,Winter,11.86141226
203.5661353,53.54493589,Atlantic,Winter,13.2231231
159.9173231,46.50331023,Atlantic,Winter,10.19400444
156.5527545,49.66227391,Atlantic,Winter,8.483888753
168.482817,53.46957965,Atlantic,Winter,7.566114295
251.8182839,59.67900964,Atlantic,Winter,16.29519114
194.0472223,55.15171644,Atlantic,Winter,11.69342503
191.7189154,49.95273343,Atlantic,Winter,12.00425407
176.9897665,50.90370574,Atlantic,Winter,10.98005863
169.1640618,49.4186726,Atlantic,Winter,9.744555768
198.2021685,59.23744663,Atlantic,Winter,9.381420508
163.2363543,42.58726422,Atlantic,Winter,11.1085955
217.3145131,58.63356548,Atlantic,Winter,14.38978629
143.2218156,47.10370457,Atlantic,Winter,5.503180959
185.8927198,48.26082752,Atlantic,Winter,12.92355572
148.727069,46.7386597,Atlantic,Winter,7.162046881
202.2899789,46.28040236,Atlantic,Winter,14.4318733
164.1956095,51.56088092,Atlantic,Winter,7.29884952
158.9658182,47.63231516,Atlantic,Winter,9.062863105
144.3066212,36.64228612,Atlantic,Winter,9.40542761
165.604101,57.84298096,Atlantic,Winter,8.113886276
162.2452312,49.6091472,Atlantic,Winter,8.810432425
165.7282205,54.83449214,Atlantic,Winter,7.979284679
148.9577438,45.28250366,Atlantic,Winter,8.155717017
196.8580689,67.92866509,Atlantic,Spring,9.041235422
219.0605307,68.45038153,Atlantic,Spring,11.12898329
200.799742,58.52960984,Atlantic,Spring,11.21585423
168.4612778,61.08475133,Atlantic,Spring,7.393169772
199.9220104,61.22889772,Atlantic,Spring,10.8508841
190.1822533,57.15535687,Atlantic,Spring,11.60540867
187.3335423,62.10780017,Atlantic,Spring,9.893422082
152.7627379,53.57575378,Atlantic,Spring,8.358552505
208.6780192,67.60477699,Atlantic,Spring,10.46674417
184.6738168,58.94073973,Atlantic,Spring,8.829059205
203.4393578,69.19798791,Atlantic,Spring,10.326575
216.898521,71.82725888,Atlantic,Spring,9.842294749
198.3175319,55.20198726,Atlantic,Spring,11.10366842
189.4633628,64.06510369,Atlantic,Spring,8.725085821
185.6942942,62.1948823,Atlantic,Spring,9.342911183
192.3480099,60.5912931,Atlantic,Spring,9.810632126
196.164452,57.1064392,Atlantic,Spring,12.06777747
198.9294912,65.18574545,Atlantic,Spring,9.666615451
179.8270653,56.35835726,Atlantic,Spring,9.407921814
218.9158007,62.59590354,Atlantic,Spring,12.88439428
230.7249283,63.41159781,Atlantic,Spring,14.05233843
192.8827457,55.82996027,Atlantic,Spring,12.04739682
186.5094694,60.88636293,Atlantic,Spring,8.994239486
201.9402223,68.53945605,Atlantic,Spring,8.753423971
213.5045073,65.33623261,Atlantic,Spring,10.71361816
184.0149691,60.25639864,Atlantic,Spring,8.991363697
206.4040046,61.28170487,Atlantic,Spring,11.50182845
180.77773,57.65235497,Atlantic,Spring,9.449156361
230.7792493,60.1064075,Atlantic,Spring,14.31036114
208.0275712,61.05051981,Atlantic,Spring,11.45087397
203.0580677,58.60297339,Atlantic,Spring,12.01085887
197.4844099,70.40341827,Atlantic,Spring,8.145774509
190.4785656,58.71402659,Atlantic,Spring,9.87252935
183.2502258,62.03861966,Atlantic,Spring,8.749576576
186.7768334,62.66217742,Atlantic,Spring,9.000433897
191.1541292,65.33233391,Atlantic,Spring,8.723493795
182.2979492,65.59519055,Atlantic,Spring,7.002078303
202.3602104,60.39473386,Atlantic,Spring,11.01997693
211.8018929,62.98764491,Atlantic,Spring,12.82650529
195.6200849,61.18369787,Atlantic,Spring,9.970100996
206.9168302,71.48033026,Atlantic,Spring,8.792305365
168.1473293,61.95927353,Atlantic,Spring,5.977550384
189.9245584,62.6054628,Atlantic,Spring,9.851691
199.1660568,67.22071775,Atlantic,Spring,9.616214153
174.8964683,59.75257678,Atlantic,Spring,8.948669334
204.2079365,66.34199105,Atlantic,Spring,9.569571537
159.6532395,47.03708514,Atlantic,Spring,9.859141536
176.3587864,53.7272457,Atlantic,Spring,9.78220841
219.3544254,66.83590612,Atlantic,Spring,12.0565841
183.6812125,54.76348773,Atlantic,Spring,11.00295732
181.7283982,48.11670547,Atlantic,Spring,11.86646191
218.5296445,64.11117253,Atlantic,Spring,12.5603044
196.6964745,59.45775167,Atlantic,Spring,11.60849902
182.6762103,58.30259033,Atlantic,Spring,8.740626784
170.6401437,52.32035246,Atlantic,Spring,9.125995142
192.7430435,60.23275715,Atlantic,Spring,11.04330489
205.6556677,65.15978869,Atlantic,Spring,11.59082824
189.5984527,65.50012644,Atlantic,Spring,7.775699603
186.269244,58.80159693,Atlantic,Spring,9.99479703
192.5914372,67.27427601,Atlantic,Spring,7.968017863
195.465381,64.35859871,Atlantic,Spring,10.24541845
189.5197654,59.79069007,Atlantic,Spring,9.786189882
205.914586,61.52443893,Atlantic,Spring,11.01722247
191.8779052,59.7570144,Atlantic,Spring,9.231013864
175.8997987,58.09351373,Atlantic,Spring,7.457347032
207.994097,53.44764296,Atlantic,Spring,12.93007077
228.4521177,65.5940754,Atlantic,Spring,12.93535031
175.0298566,59.01568077,Atlantic,Spring,8.703875927
175.018403,62.22523166,Atlantic,Spring,6.991141367
207.0705127,61.77676031,Atlantic,Spring,11.70719517
167.2742888,55.91716006,Atlantic,Spring,6.957454288
167.8773761,57.7842228,Atlantic,Spring,7.003634295
177.8593993,47.76467504,Atlantic,Spring,10.95699148
198.0834999,58.57618539,Atlantic,Spring,12.00077299
174.5663718,55.25204736,Atlantic,Spring,8.052870895
193.0217809,55.28494319,Atlantic,Spring,11.89640044
233.8755073,61.13101582,Atlantic,Spring,15.38371732
181.2887709,58.09097573,Atlantic,Spring,9.540204892
216.1894146,65.3627814,Atlantic,Spring,11.02309548
187.8372043,65.85639448,Atlantic,Spring,7.956237038
170.6910019,61.77841661,Atlantic,Spring,6.359036257
228.5154064,58.06990837,Atlantic,Spring,15.23711513
215.7461829,53.72423689,Atlantic,Spring,13.91135141
161.3934967,53.20611554,Atlantic,Spring,7.938427575
203.6115473,65.66279801,Atlantic,Spring,10.27643701
178.9948827,53.98662469,Atlantic,Spring,10.51101129
202.9741283,66.04057564,Atlantic,Spring,10.23301535
239.5818383,64.9926921,Atlantic,Spring,14.00053225
180.4106934,55.10836222,Atlantic,Spring,10.27419391
207.0524714,63.01226204,Atlantic,Spring,11.26442502
158.7633847,57.03546825,Atlantic,Spring,6.787726724
204.0495053,59.56344881,Atlantic,Spring,11.1520692
216.350645,64.37791362,Atlantic,Summer,12.17348244
164.5542382,58.60803727,Atlantic,Summer,7.231123172
232.6566702,65.07359928,Atlantic,Summer,13.49231824
209.4680321,64.68737758,Atlantic,Summer,10.45728211
225.4934197,65.54490489,Atlantic,Summer,12.73228286
211.7222344,66.51838883,Atlantic,Summer,10.23013895
203.1791856,58.83429959,Atlantic,Summer,10.90931906
200.9796683,63.24709408,Atlantic,Summer,11.69852945
178.8259969,58.84540176,Atlantic,Summer,7.809531721
232.2583593,73.95577008,Atlantic,Summer,11.42378873
199.2993378,66.96940853,Atlantic,Summer,9.717186241
195.0879221,62.90658414,Atlantic,Summer,9.72359929
193.649146,62.37591867,Atlantic,Summer,9.979116079
204.8856564,64.83614628,Atlantic,Summer,10.65993948
203.8548723,66.63338984,Atlantic,Summer,9.481868966
158.9375977,57.73317496,Atlantic,Summer,7.463971792
199.4971831,73.03097283,Atlantic,Summer,8.21908768
199.2751845,66.74412712,Atlantic,Summer,9.776783225
188.211672,64.46136622,Atlantic,Summer,8.334911043
237.9959674,67.83352233,Atlantic,Summer,14.25441572
183.2788911,63.44700288,Atlantic,Summer,6.860454471
218.8769044,72.89526247,Atlantic,Summer,10.75184008
224.3642009,75.73138336,Atlantic,Summer,11.10618008
206.4421321,64.76234154,Atlantic,Summer,10.82914309
199.5780494,65.11949253,Atlantic,Summer,8.949350191
234.8372822,73.65874794,Atlantic,Summer,11.92368003
191.8877998,68.68753301,Atlantic,Summer,8.203569032
186.5954631,59.58138656,Atlantic,Summer,9.905715778
205.3402952,69.34290825,Atlantic,Summer,9.724807879
206.0684345,65.71467579,Atlantic,Summer,10.26380706
189.7710052,57.97595694,Atlantic,Summer,11.36614737
228.4824204,70.57764944,Atlantic,Summer,11.92854167
215.5418386,70.07196335,Atlantic,Summer,10.35725251
210.9601412,65.88811884,Atlantic,Summer,10.90352484
195.4589862,69.27614527,Atlantic,Summer,8.218556037
180.5540616,60.15739442,Atlantic,Summer,8.73953194
207.8420819,62.9639308,Atlantic,Summer,12.53071777
223.8327482,65.18559013,Atlantic,Summer,12.08394901
214.4253454,66.38355529,Atlantic,Summer,11.79687759
179.0390614,61.87223181,Atlantic,Summer,8.118301471
187.8437264,52.144083,Atlantic,Summer,12.42485071
188.1333886,62.36540025,Atlantic,Summer,8.616137426
180.4812798,67.40572866,Atlantic,Summer,5.539620717
205.198741,62.72772724,Atlantic,Summer,12.07115251
214.4544533,65.4665015,Atlantic,Summer,12.53091827
184.2277951,67.67657287,Atlantic,Summer,7.060799489
239.9081301,71.62209563,Atlantic,Summer,12.92949464
208.9032532,64.37335928,Atlantic,Summer,11.27875004
208.2739204,71.33953106,Atlantic,Summer,9.067192225
222.1472155,73.84700557,Atlantic,Summer,10.43095801
199.7515264,64.88591324,Atlantic,Summer,9.775384001
218.3027754,69.95569576,Atlantic,Summer,11.35029555
222.4982638,74.45774407,Atlantic,Summer,10.02064815
205.3888581,67.96899194,Atlantic,Summer,9.082127884
210.6457768,68.59977321,Atlantic,Summer,9.637002975
183.1278681,61.95075087,Atlantic,Summer,8.02281545
189.7519915,57.83082936,Atlantic,Summer,10.48967213
221.7354811,67.13141109,Atlantic,Summer,11.20370954
237.3157795,65.8378208,Atlantic,Summer,14.48763948
216.9954561,65.84572129,Atlantic,Summer,11.99502216
209.1755057,67.5581175,Atlantic,Summer,10.02119368
193.2479834,62.84571584,Atlantic,Summer,8.832652671
182.8776048,60.63596358,Atlantic,Summer,9.829671429
187.6972792,59.61719584,Atlantic,Summer,9.825828767
191.4761763,64.04962462,Atlantic,Summer,9.478716352
201.0768443,67.24540918,Atlantic,Summer,10.53535886
241.5461159,74.97051199,Atlantic,Summer,12.69222079
201.2914217,64.49383174,Atlantic,Summer,9.968711276
222.023399,70.9223657,Atlantic,Summer,11.63227056
194.3876263,64.93941596,Atlantic,Fall,9.73357126
190.5060779,59.85536105,Atlantic,Fall,9.630120465
188.2709636,55.50703349,Atlantic,Fall,11.82255542
183.6682845,61.82280248,Atlantic,Fall,8.548179412
185.1672157,62.73820684,Atlantic,Fall,8.728775968
187.127568,61.26236397,Atlantic,Fall,9.255977632
161.4893285,50.39269596,Atlantic,Fall,8.505259696
197.3603372,60.93778744,Atlantic,Fall,11.4565136
176.4072722,64.15823801,Atlantic,Fall,7.215909015
167.5397607,54.20527465,Atlantic,Fall,8.417758628
217.3344121,59.01184247,Atlantic,Fall,13.76394378
225.4196768,57.82043625,Atlantic,Fall,14.37594505
175.9736846,56.63293482,Atlantic,Fall,9.456953096
242.9282988,69.12523472,Atlantic,Fall,14.18708942
188.5328541,65.4221574,Atlantic,Fall,8.627992549
159.2080357,55.05224285,Atlantic,Fall,6.609021862
191.878179,62.24585066,Atlantic,Fall,8.804427871
182.8105871,56.67330218,Atlantic,Fall,9.983576093
210.1555303,65.56063532,Atlantic,Fall,11.34092564
196.8218453,62.62859919,Atlantic,Fall,10.38653675
187.0650384,58.86197001,Atlantic,Fall,8.824704863
212.6959224,68.66713213,Atlantic,Fall,9.789412769
182.3204727,63.42207309,Atlantic,Fall,7.114074629
192.274849,63.32386555,Atlantic,Fall,9.365027243
162.6669877,50.9414012,Atlantic,Fall,8.418608944
198.9830852,65.37191756,Atlantic,Fall,9.108334753
189.9487606,57.61603895,Atlantic,Fall,11.22311281
189.4462963,58.57539727,Atlantic,Fall,9.950164486
216.59948,61.61192502,Atlantic,Fall,12.55058052
215.3453821,65.58924234,Atlantic,Fall,12.37287462
157.768549,55.94667211,Atlantic,Fall,5.30470349
181.1314056,49.30682631,Atlantic,Fall,11.60881769
192.2192364,50.34765925,Atlantic,Fall,13.95655338
205.9594253,61.94821179,Atlantic,Fall,10.87672966
199.4109075,63.88419415,Atlantic,Fall,10.65747202
219.8134265,63.31534471,Atlantic,Fall,12.16029266
215.2746097,60.08149701,Atlantic,Fall,12.72152604
194.6292206,58.00370651,Atlantic,Fall,11.4178788
185.0483951,61.92772156,Atlantic,Fall,8.837010531
189.2104541,56.91883534,Atlantic,Fall,9.733187306
181.6642661,68.93456712,Atlantic,Fall,5.729967737
190.6908404,54.6429559,Atlantic,Fall,11.25360263
203.3605538,54.56076426,Atlantic,Fall,11.88724264
189.943496,55.75225834,Atlantic,Fall,11.80996611
191.7516579,61.16555988,Atlantic,Fall,10.39589
175.947289,55.28322105,Atlantic,Fall,10.29228456
160.4694295,55.60613912,Atlantic,Fall,7.02309795
183.6446564,50.93317296,Atlantic,Fall,11.03543961
194.2699003,64.05573397,Atlantic,Fall,9.265907881
168.2084543,54.65861056,Atlantic,Fall,8.395474776
206.6463293,65.06696248,Atlantic,Fall,11.74570912